Stage,Timestamp,Luminance,PupilDiameterLeft,PupilDiameterRight,GazeLeftX,GazeLeftY,GazeLeftZ,GazeRightX,GazeRightY,GazeRightZ
Calibration,1155665.000,0,3.622009,3.676712,-0.1118774,-0.4143372,0.9032135,-0.03222656,-0.3827972,0.9232635,
Calibration,1155782.000,0,3.259369,3.449936,-0.05592346,-0.3662567,0.9288177,0.02072144,-0.3445892,0.9385071,
Calibration,1155898.000,0,3.023453,3.176163,-0.06243896,-0.3803253,0.9227295,0.0144043,-0.3497772,0.9367065,
Calibration,1156023.000,0,2.924438,3.03241,-0.04899597,-0.3835602,0.9222107,0.0196228,-0.3630066,0.9315643,
Calibration,1156123.000,0,2.963196,2.834427,-0.2063293,-0.3504028,0.9135742,-0.1711578,-0.3057861,0.9365845,
Calibration,1156240.000,0,3.209335,3.007416,-0.3274689,-0.2900238,0.899231,-0.3109741,-0.2819824,0.907608,
Calibration,1156356.000,0,3.186218,3.090759,-0.3404541,-0.249115,0.9066467,-0.3210449,-0.226944,0.9194641,
Calibration,1156448.000,0,3.287231,3.018784,-0.2562561,-0.2157135,0.942215,-0.2257996,-0.1869965,0.9560394,
Calibration,1156531.000,0,3.13797,3.15535,-0.1755371,-0.2013092,0.9636536,-0.1411285,-0.1777954,0.973877,
Calibration,1156615.000,0.002872969,3.345291,3.246216,-0.3237152,-0.2558899,0.9108734,-0.2986298,-0.2582092,0.9187622,
Calibration,1156698.000,0.002723092,3.48053,3.346115,-0.3137817,-0.2397614,0.9187164,-0.2686615,-0.2564545,0.9284515,
Calibration,1156781.000,0.002723092,3.484818,3.369247,-0.2975311,-0.2452698,0.9226532,-0.2613831,-0.2275543,0.9380188,
Calibration,1156865.000,0.002772044,3.764694,3.711044,-0.3262177,-0.2730408,0.9049835,-0.2829742,-0.2726288,0.9195557,
Calibration,1156948.000,0.002534717,3.791779,3.773743,-0.3526154,-0.2751617,0.8943939,-0.3058167,-0.2769318,0.9109192,
Calibration,1157031.000,0.002371303,3.897919,3.848862,-0.3921509,-0.2980347,0.8702698,-0.3505402,-0.2788086,0.8940735,
Calibration,1157114.000,0.002385596,4.03714,3.780228,-0.4339905,-0.2520142,0.8649445,-0.3960114,-0.2374115,0.8870087,
Calibration,1157198.000,0.002385596,4.069763,3.912216,-0.4393921,-0.2629242,0.8589478,-0.3930969,-0.232666,0.8895569,
Calibration,1157281.000,0.002505843,4.013611,4.022949,-0.4199066,-0.238739,0.8755951,-0.3965302,-0.2476501,0.8839722,
Calibration,1157364.000,0.002333547,4.135956,4.11142,-0.3894806,-0.2411957,0.8888702,-0.3417358,-0.2291718,0.9114075,
Calibration,1157448.000,0.002169703,4.23613,4.076675,-0.3662567,-0.2510529,0.8959961,-0.3335114,-0.2223969,0.9161224,
Calibration,1157531.000,0.00195669,4.20929,4.051407,-0.3401031,-0.2648773,0.902298,-0.295517,-0.2459869,0.923111,
Calibration,1157614.000,0.00195669,4.262604,4.063522,-0.2974396,-0.2944336,0.9081879,-0.2631531,-0.271347,0.9257965,
Calibration,1157698.000,0.001389845,4.20517,4.18869,-0.2842255,-0.2960052,0.911911,-0.2397919,-0.2935181,0.9253845,
Calibration,1157781.000,0.0009653945,4.235001,4.183456,-0.2764587,-0.3028259,0.9120483,-0.2319794,-0.3001556,0.9252319,
Calibration,1157864.000,0.0009828311,4.266037,4.355484,-0.279953,-0.3097839,0.9086456,-0.2407379,-0.3024597,0.9222565,
Calibration,1157948.000,0.001047475,4.395767,4.316895,-0.2878113,-0.3217926,0.9019928,-0.2519531,-0.3046722,0.9185181,
Calibration,1158031.000,0.001076714,4.395889,4.29982,-0.2984161,-0.3262177,0.8969421,-0.2735291,-0.3084717,0.9110413,
Calibration,1158114.000,0.001076714,4.347046,4.01152,-0.06811523,-0.1309204,0.9890442,-0.03825378,-0.1033478,0.9938965,
Calibration,1158198.000,0.001202548,4.420517,4.400482,0.1869659,0.07666016,0.9793549,0.203949,0.09614563,0.9742432,
Calibration,1158281.000,0.0007547834,4.615494,4.156418,0.1268311,0.02894592,0.9914856,0.1259918,0.0435791,0.9910583,
Calibration,1158364.000,0.0002030805,4.538284,4.105499,0.07281494,0.003433228,0.9973297,0.07588196,0.004821777,0.9971008,
Calibration,1158448.000,0.0002030805,4.56189,4.288879,0.009033203,0.001312256,0.9999542,0.03033447,0.001922607,0.999527,
Calibration,1158531.000,0,4.527725,4.31485,-0.02593994,-0.02352905,0.9993744,0.001693726,-0.008392334,0.9999542,
Calibration,1158614.000,0,4.571243,4.376175,-0.04289246,-0.03132629,0.9985809,-0.01443481,-0.01725769,0.9997406,
Calibration,1158698.000,0,4.506958,4.360077,-0.03712463,-0.03814697,0.9985809,-0.02818298,-0.02403259,0.9993134,
Calibration,1158781.000,0,4.559692,4.362946,0.01011658,-0.05450439,0.9984589,0.04202271,-0.04966736,0.997879,
Calibration,1158864.000,2.669397E-05,4.599243,4.459839,0.05836487,-0.09133911,0.9940948,0.06535339,-0.0836792,0.994339,
Calibration,1158947.000,0.00137596,4.798172,4.45491,0.2312775,-0.2641449,0.9363251,0.2685242,-0.2522736,0.9296417,
Calibration,1159031.000,0.001794114,4.65155,4.480316,0.1914063,-0.2410736,0.9514313,0.2410431,-0.2182312,0.9456482,
Calibration,1159114.000,0.001701799,4.745773,4.598892,0.1698761,-0.3257446,0.9300537,0.2411041,-0.3177032,0.9170074,
Calibration,1159197.000,0.001701799,4.746902,4.491638,0.1558685,-0.3083954,0.938385,0.2156982,-0.2793274,0.9356384,
Calibration,1159281.000,0.001798686,4.811218,4.593338,0.1463928,-0.299942,0.9426422,0.213913,-0.272995,0.937912,
Calibration,1159364.000,0.001771665,4.85704,4.651093,0.1535797,-0.3163147,0.9361267,0.2176514,-0.2912292,0.9315491,
Calibration,1159447.000,0.00178244,4.897507,4.669617,0.1541443,-0.3098297,0.9382019,0.2158203,-0.3010864,0.9288483,
Calibration,1159531.000,0.001826911,4.787521,4.675171,0.1365662,-0.3087921,0.9412689,0.2113495,-0.3009338,0.9299164,
Calibration,1159614.000,0.001826911,4.823364,4.61235,0.1363525,-0.3012695,0.9437256,0.2035828,-0.2898407,0.9351654,
Calibration,1159697.000,0.001766626,4.861557,4.582581,0.1374817,-0.2957611,0.9453125,0.2014313,-0.2617798,0.9438629,
Calibration,1159781.000,0.00173646,4.840805,4.676544,0.1291809,-0.2625122,0.9562225,0.1984863,-0.2546844,0.9464264,
Calibration,1159864.000,0.001661084,4.90863,4.661667,0.1253662,-0.2587433,0.9577637,0.1882172,-0.2494812,0.9499054,
Calibration,1159947.000,0.001661084,4.894547,4.672821,0.126358,-0.2400665,0.9624939,0.2080078,-0.2210083,0.9528198,
Calibration,1160031.000,0.00166255,4.888031,4.639526,0.1213074,-0.2311859,0.9653015,0.1979218,-0.2093048,0.9575958,
Calibration,1160114.000,0.001666858,4.924545,4.585052,0.1264496,-0.2311249,0.9646606,0.2006683,-0.2150421,0.9557495,
Calibration,1160197.000,0.00171561,4.941986,4.712326,0.1067657,-0.2965088,0.9490356,0.1899414,-0.2678528,0.9445343,
Calibration,1160281.000,0.00171561,4.87941,4.689972,0.1077271,-0.2950897,0.9493713,0.1835175,-0.2709351,0.944931,
Calibration,1160364.000,0.001734562,4.560715,4.554611,-0.02528381,-0.5508575,0.8342133,0.02642822,-0.4937897,0.8691711,
Calibration,1160447.000,0.001698437,4.620819,4.648346,-0.01246643,-0.4854279,0.874176,0.03572083,-0.4274902,0.9033051,
Calibration,1160530.000,0.001922637,4.710297,4.536896,-0.006530762,-0.4855042,0.8742065,0.05401611,-0.4361115,0.8982544,
Calibration,1160614.000,0.001922637,4.630936,4.60672,0.06361389,-0.436676,0.8973541,0.09220886,-0.3750153,0.9224091,
Calibration,1160697.000,0.002782486,4.657562,4.656128,0.1180573,-0.3213959,0.9395447,0.1649017,-0.2976532,0.9403076,
Calibration,1160780.000,0.003227937,4.612732,4.775528,0.1021423,-0.3850403,0.9172211,0.1621246,-0.3451385,0.9244232,
Calibration,1160864.000,0.002941781,4.921692,4.862045,0.1720886,-0.3670502,0.9141235,0.2430725,-0.3588867,0.9011536,
Calibration,1160947.000,0.001840591,4.797638,4.703857,0.1560211,-0.4171448,0.89534,0.227356,-0.3941956,0.8904572,
Calibration,1161030.000,0.001840591,4.704346,4.478638,0.08178711,-0.3553162,0.9311523,0.1243896,-0.3274078,0.9366455,
Calibration,1161114.000,0.00134847,4.555542,4.726242,0.06352234,-0.3463745,0.9359283,0.122818,-0.3466949,0.9298859,
Calibration,1161197.000,0.0009919372,4.890564,4.65419,0.06814575,-0.0390625,0.9969025,0.07084656,-0.01605225,0.997345,
Calibration,1161280.000,0.0005639076,4.994598,4.607468,0.05438232,-0.01161194,0.9984436,0.07479858,-0.00227356,0.9971924,
Calibration,1161364.000,0,4.904831,4.577972,0.06770325,-0.04119873,0.9968414,0.07473755,-0.03630066,0.9965363,
Calibration,1161447.000,0,4.99411,4.639053,0.06503296,-0.05104065,0.9965668,0.08255005,-0.05834961,0.994873,
Calibration,1161530.000,0,4.955185,4.555618,0.06355286,-0.07345581,0.9952698,0.08291626,-0.06254578,0.9945831,
Calibration,1161614.000,0,4.902695,4.861282,0.05148315,-0.08694458,0.994873,0.08569336,-0.07475281,0.9934998,
Calibration,1161697.000,0,5.034637,4.787079,0.02999878,0.02891541,0.9991302,0.03857422,0.01795959,0.9990845,
Calibration,1161780.000,0,4.935135,4.662384,0.01661682,0.03398132,0.9992828,0.0319519,0.02400208,0.9991913,
Calibration,1161863.000,0,4.957047,4.735245,0.01832581,0.04077148,0.9989929,0.03100586,0.03585815,0.9988708,
Calibration,1161947.000,0,4.936783,4.758377,0.01750183,0.03833008,0.9990997,0.02778625,0.03230286,0.9990845,
Calibration,1162030.000,0,4.870575,4.818222,0.012146,0.03514099,0.9992981,0.02233887,0.03260803,0.9992065,
Calibration,1162113.000,0,4.971436,4.718109,0.01068115,0.03619385,0.9992828,0.01504517,0.02861023,0.9994659,
Calibration,1162197.000,0,4.852173,4.756577,0.005371094,0.04200745,0.9990997,0.008743286,0.03140259,0.9994659,
Calibration,1162280.000,0,4.976196,4.887329,6.103516E-05,0.04586792,0.9989319,0.004577637,0.0279541,0.999588,
Calibration,1162363.000,0,4.941177,4.639084,0.01365662,-0.1138458,0.9933929,0.04621887,-0.1051483,0.9933777,
Calibration,1162447.000,0,4.88353,4.804108,0.06427002,-0.348053,0.935257,0.1163177,-0.3318481,0.9361267,
Calibration,1162530.000,0,5.000488,4.795059,0.05958557,-0.3465729,0.9361115,0.1219482,-0.3319397,0.935379,
Calibration,1162613.000,0,5.008041,4.838318,0.05895996,-0.346283,0.936264,0.1249237,-0.3309021,0.9353485,
Calibration,1162697.000,0,5.004242,4.85994,0.1758423,-0.4806213,0.8591003,0.2385559,-0.4761047,0.846405,
Calibration,1162780.000,0,4.947098,4.69606,0.1593933,-0.492157,0.8557739,0.2281647,-0.4767456,0.8488922,
Calibration,1162863.000,0,4.877151,4.73822,0.1561127,-0.5081177,0.8470154,0.2315979,-0.4747314,0.8490906,
Calibration,1162947.000,0,5.040344,4.7509,0.1629639,-0.4863129,0.8584442,0.2354126,-0.4608002,0.8556976,
Calibration,1163030.000,0.0002669079,5.06041,4.811493,0.1422272,-0.5076294,0.8497467,0.230484,-0.4609528,0.8569641,
Calibration,1163113.000,0.0007797899,5.061249,4.86348,0.1427612,-0.4806061,0.8652344,0.2233734,-0.4354401,0.8720551,
Calibration,1163197.000,0.0008885189,5.033539,4.777756,0.1592712,-0.4458618,0.8808136,0.2282715,-0.4190063,0.8788147,
Calibration,1163280.000,0.0008885189,5.022339,4.836945,0.1608276,-0.4433594,0.8817902,0.2273407,-0.4152679,0.8808136,
Calibration,1163363.000,0.0009774159,5.100677,4.889023,0.1602631,-0.4289856,0.8889618,0.2265625,-0.4060974,0.8852844,
Calibration,1163446.000,0.00108429,5.235428,4.96907,0.1381226,-0.405014,0.9038086,0.199707,-0.407959,0.8908844,
Calibration,1163530.000,0.001110468,5.094116,4.93689,-0.06201172,-0.3661499,0.9284821,0.04020691,-0.3630829,0.9308777,
Calibration,1163613.000,0.001110468,5.063202,4.925888,-0.06488037,-0.3629456,0.9295349,0.04400635,-0.3796234,0.9240875,
Calibration,1163696.000,0.001044739,5.038742,4.915817,-0.06796265,-0.3835144,0.9210205,0.04225159,-0.3865662,0.9212799,
Calibration,1163780.000,0.001002332,5.015015,4.714081,-0.06268311,-0.3872223,0.9198456,0.04321289,-0.3707123,0.9277344,
Calibration,1163863.000,0.0009478274,4.933289,4.845978,-0.05557251,-0.377182,0.9244537,0.05841064,-0.370636,0.9269257,
Calibration,1163946.000,0.0009478274,4.901825,4.726807,-0.05145264,-0.3808594,0.9231873,0.05500793,-0.3614655,0.9307404,
Calibration,1164030.000,0.0009281163,4.827927,4.71936,-0.05111694,-0.3824158,0.9225616,0.05528259,-0.3674622,0.9283752,
Calibration,1164113.000,0.0008944317,4.85051,4.627609,-0.0463562,-0.3798065,0.9238892,0.05732727,-0.3673553,0.928299,
Calibration,1164196.000,0.0009277671,4.824768,4.599686,-0.05535889,-0.3796082,0.9234772,0.05551147,-0.3664703,0.9287567,
Calibration,1164280.000,0.0009396526,4.822433,4.584091,0.06347656,-0.4352264,0.8980713,0.1468048,-0.4124756,0.8990479,
Calibration,1164363.000,0.0009396526,4.918793,4.569763,0.1521301,-0.4897461,0.8584747,0.2290497,-0.4532776,0.8614197,
Calibration,1164446.000,0.0009509965,4.967056,4.571899,0.1530914,-0.4882202,0.8591766,0.2294006,-0.4510498,0.8625031,
Calibration,1164530.000,0.0009584136,4.995834,4.593445,0.1550751,-0.4889221,0.8584137,0.2283783,-0.4434509,0.8666992,
Calibration,1164613.000,0.0009983444,4.922241,4.665604,0.1161957,-0.5025024,0.85672,0.2174835,-0.4775696,0.8512421,
Calibration,1164696.000,0.001013176,4.932129,4.714005,0.1190033,-0.502121,0.8565521,0.217865,-0.4732361,0.8535614,
Calibration,1164780.000,0.001013176,4.957733,4.730972,0.1292877,-0.4989014,0.8569489,0.2151489,-0.4724731,0.8546753,
Calibration,1164863.000,0.001008504,4.995514,4.760315,0.1284637,-0.4999237,0.8564758,0.2169189,-0.472702,0.8540955,
Calibration,1164946.000,0.001042355,5.029953,4.767761,0.1151428,-0.506546,0.8544769,0.2155609,-0.469986,0.8559418,
Calibration,1165029.000,0.001006276,4.993256,4.784897,0.1136627,-0.5040741,0.8561401,0.2155914,-0.4695435,0.8561707,
Calibration,1165113.000,0.001037621,5.002167,4.796219,0.116745,-0.5057678,0.8547211,0.2110443,-0.4680176,0.858139,
Calibration,1165196.000,0.001037621,4.993927,4.815277,0.1181793,-0.5053406,0.8547821,0.2130432,-0.4675446,0.8578949,
Calibration,1165279.000,0,4.992905,4.837189,0.1147156,-0.5014954,0.8575134,0.214859,-0.4694824,0.8563843,
Calibration,1165363.000,0,5.072968,4.836838,0.1178589,-0.5008087,0.8574829,0.203186,-0.4539185,0.8675537,
Calibration,1165446.000,0,4.937546,4.859741,0.1242676,-0.4709778,0.8733368,0.2040253,-0.4330139,0.8779755,
Calibration,1165529.000,0,5.013641,4.886261,0.1265869,-0.460083,0.8787842,0.2061157,-0.4273834,0.880249,
Calibration,1165613.000,0,5.111877,4.733429,-0.08694458,-0.2135925,0.9730377,-0.02604675,-0.1926575,0.9809113,
Calibration,1165696.000,0,5.116409,4.72081,-0.09199524,-0.2068329,0.9740295,-0.02114868,-0.1740417,0.9844971,
Calibration,1165779.000,0.05099837,5.182602,4.643173,-0.09048462,-0.2050476,0.9745483,-0.0294342,-0.1821899,0.9828186,
Calibration,1165863.000,0.05099837,5.17923,4.680786,-0.0887146,-0.2061462,0.9744873,-0.02072144,-0.1855774,0.9824066,
Calibration,1165963.000,0.05099837,5.157028,4.641006,-0.07853699,-0.2092743,0.9746857,-0.02351379,-0.1892853,0.9816284,
Calibration,1166071.000,0.05099837,5.038895,4.661224,-0.07832336,-0.2071991,0.9751434,-0.005981445,-0.1916504,0.9814301,
Calibration,1166171.000,0.05099837,5.016174,4.604706,-0.08447266,-0.2063293,0.974823,-0.002914429,-0.1918182,0.9814148,
Calibration,1166263.000,0.05099837,5.07341,4.56543,-0.08934021,-0.207962,0.9740448,-0.002456665,-0.1838379,0.9829407,
Calibration,1166346.000,0.05099837,4.837372,4.725525,-0.04724121,-0.1646881,0.985199,0.03181458,-0.164505,0.9858551,
Calibration,1166446.000,0.05099837,5.036987,4.755539,-0.04656982,-0.1706848,0.9842224,0.04551697,-0.1721497,0.9840088,
Calibration,1166546.000,0.05099837,5.135239,4.696472,-0.0006713867,-0.2714539,0.9624329,0.05953979,-0.2317657,0.970932,
Calibration,1166646.000,0.05099837,5.149582,4.684021,0.01570129,-0.3925018,0.9196167,0.08535767,-0.3583069,0.9296875,
Calibration,1166754.000,0.05099837,5.179276,4.764252,0.01004028,-0.392868,0.9195251,0.09031677,-0.3517609,0.9317169,
Calibration,1166854.000,0.05099837,5.157211,4.683975,0.006439209,-0.4003601,0.9163208,0.08734131,-0.3585052,0.9294128,
Calibration,1166962.000,0.05099837,5.170563,4.777817,0.009689331,-0.3880157,0.9215851,0.08518982,-0.3640289,0.927475,
Calibration,1167062.000,0.05099837,5.084808,4.784042,-0.008895874,-0.05429077,0.9984741,0.0574646,-0.05796814,0.9966583,
Calibration,1167171.000,0.05099837,5.234726,4.806473,0.001037598,0.01463318,0.9998779,0.03918457,0.002655029,0.9992218,
Calibration,1167271.000,0.05099837,5.30661,4.723724,-0.007843018,0.1148529,0.9933472,0.04624939,0.1152802,0.9922485,
Calibration,1167379.000,0.05099837,5.383377,4.738754,-0.01268005,0.118927,0.9928131,0.03942871,0.1173553,0.9922943,
Calibration,1167487.000,0.05099837,5.378677,4.676804,-0.01197815,0.1167603,0.9930878,0.04627991,0.1116028,0.9926605,
Calibration,1167604.000,0.05099837,5.309509,4.8237,-0.01765442,0.1153259,0.9931641,0.04602051,0.1144714,0.9923553,
Calibration,1167704.000,0.05099837,5.000336,5.002075,-0.0381012,-0.3457794,0.9375305,0.03352356,-0.3522949,0.9352722,
Calibration,1167796.000,0.1098479,5.043869,4.872589,-0.06793213,-0.5796509,0.8120117,0.02958679,-0.5671692,0.8230591,
Calibration,1167896.000,0.1098479,5.126755,4.681534,-0.06108093,-0.5809937,0.8115997,0.02377319,-0.5951843,0.8032227,
Calibration,1167987.000,0.1098479,5.171341,4.661453,-0.0690918,-0.58078,0.8111115,0.01989746,-0.5879059,0.80867,
Calibration,1168087.000,0.1098479,5.201385,4.652527,-0.06694031,-0.5819092,0.8104858,0.01617432,-0.5888062,0.8081055,
Calibration,1168187.000,0.1098479,5.081177,4.845825,0.01535034,-0.08380127,0.9963531,0.04638672,-0.07633972,0.9959869,
Calibration,1168295.000,0.1098479,5.115021,4.8909,0.01237488,-0.07827759,0.9968414,0.070755,-0.07546997,0.9946289,
Calibration,1168395.000,0.1098479,5.194138,4.918549,0.05421448,0.0823822,0.9951172,0.09535217,0.07862854,0.9923248,
Calibration,1168495.000,0.1098479,5.16214,4.87265,0.05026245,0.08969116,0.9946899,0.0909729,0.08732605,0.9920044,
Calibration,1168595.000,0.1098479,5.18866,4.900391,0.05038452,0.08789063,0.9948425,0.08494568,0.08413696,0.9928131,
Calibration,1168704.000,0.1098479,-1,-1,0,0,0,0,0,0,
Calibration,1168804.000,0.1098479,-1,-1,0,0,0,0,0,0,
Calibration,1168904.000,0.1098479,-1,-1,0,0,0,0,0,0,
Calibration,1168995.000,0.1098479,5.300735,4.866684,0.09121704,0.1034698,0.9904327,0.1174164,0.1066589,0.9873352,
Calibration,1169095.000,0.1098479,5.454651,4.941956,0.07662964,0.09733582,0.9922943,0.1309204,0.1015625,0.9861755,
Calibration,1169204.000,0.1098479,5.388702,5.050568,0.07792664,0.09072876,0.9928131,0.1247711,0.08950806,0.9881287,
Calibration,1169295.000,0.1098479,5.374802,5.009903,0.07620239,0.08415222,0.9935303,0.1260986,0.08909607,0.9880066,
Calibration,1169387.000,0.1098479,5.379013,5.039337,0.07583618,0.08508301,0.9934692,0.1258392,0.08734131,0.9881897,
Calibration,1169487.000,0.1098479,5.339462,5.045029,0.06774902,0.08439636,0.9941254,0.1242676,0.08869934,0.988266,
Calibration,1169587.000,0.1098479,5.335327,5.012192,0.06567383,0.08810425,0.9939423,0.1207733,0.0879364,0.9887695,
Calibration,1169695.000,0.1098479,5.305542,4.949921,0.05297852,0.09616089,0.9939423,0.1146698,0.08267212,0.9899445,
Calibration,1169795.000,0.1803238,5.297546,4.90004,0.05436707,0.08848572,0.9945831,0.1123962,0.08392334,0.990097,
Calibration,1169903.000,0.1803238,5.273926,4.94931,0.06010437,0.08659363,0.9944153,0.114975,0.07870483,0.9902344,
Calibration,1170003.000,0.1803238,5.137131,4.8004,0.05833435,0.08764648,0.9944305,0.108551,0.07821655,0.9909973,
Calibration,1170103.000,0.1803238,4.760071,4.421417,0.02885437,0.1288147,0.9912415,0.07847595,0.1147308,0.9902802,
Calibration,1170203.000,0.1803238,4.699127,4.225845,0.02476501,0.1493988,0.9884644,0.07498169,0.1327362,0.9882965,
Calibration,1170303.000,0.1803238,4.620712,4.154694,0.03219604,0.1517487,0.9878845,0.07258606,0.1338348,0.988327,
Calibration,1170412.000,0.1803238,4.561829,4.066437,-0.01647949,0.1783447,0.9838257,0.03886414,0.1521454,0.9875793,
Calibration,1170512.000,0.1803238,4.645172,4.066681,-0.03434753,0.1607208,0.9863892,0.01737976,0.1382751,0.9902344,
Calibration,1170612.000,0.1803238,4.674637,4.364746,-0.03077698,0.1382294,0.9899139,0.01068115,0.1256561,0.9920044,
Calibration,1170712.000,0.1803238,4.601852,4.422745,-0.04206848,0.1307526,0.990509,0.007354736,0.1175232,0.9930267,
Calibration,1170820.000,0.1803238,4.769638,4.387817,-0.06088257,0.1069794,0.9923859,-0.005065918,0.1044922,0.9945068,
Calibration,1170920.000,0.1803238,4.941727,4.603699,-0.07141113,0.1150055,0.9907837,-0.01731873,0.10289,0.9945374,
Calibration,1171028.000,0.1803238,-1,-1,0,0,0,0,0,0,
Calibration,1171136.000,0.1803238,4.95752,4.722672,-0.01031494,0.02142334,0.9997101,0.05757141,0.007720947,0.9983063,
Calibration,1171228.000,0.1803238,4.994995,4.76004,-0.006530762,0.02325439,0.9996948,0.06521606,-0.004119873,0.9978485,
Calibration,1171328.000,0.1803238,5.057907,4.735992,0.005615234,0.02018738,0.9997711,0.05619812,0.009933472,0.9983673,
Calibration,1171436.000,0.1803238,4.958359,4.775604,-0.01359558,0.01390076,0.9998016,0.05548096,-0.006011963,0.9984283,
Calibration,1171536.000,0.1803238,4.993805,4.757248,-0.02301025,0.008682251,0.9996948,0.05133057,-0.006210327,0.9986572,
Calibration,1171636.000,0.1803238,4.985535,4.741516,-0.01577759,0.009170532,0.9998322,0.05125427,-0.01316833,0.9985962,
Calibration,1171736.000,0.2392521,4.919815,4.772919,-0.0164032,0.00819397,0.9998169,0.05519104,-0.01168823,0.9983978,
Calibration,1171845.000,0.2392521,4.961456,4.723755,-0.0216217,0.009185791,0.9997101,0.05683899,-0.01132202,0.9983063,
Calibration,1171945.000,0.2392521,4.923492,4.69635,-0.02627563,0.008377075,0.9996185,0.04975891,-0.01312256,0.9986725,
Calibration,1172061.000,0.2392521,4.835144,4.644897,-0.02767944,0.007171631,0.999588,0.05155945,-0.01678467,0.9985199,
Calibration,1172170.000,0.2392521,4.47644,4.324066,-0.03163147,-0.01097107,0.9994354,0.05067444,-0.01808167,0.9985504,
Calibration,1172278.000,0.2392521,4.37059,4.197342,-0.03390503,-0.01281738,0.9993286,0.05038452,-0.01585388,0.9985962,
Calibration,1172378.000,0.2392521,4.384964,4.085037,-0.03193665,-0.005844116,0.9994659,0.05104065,-0.01251221,0.9986115,
Calibration,1172494.000,0.2392521,4.618729,4.085602,0.1565399,-0.0213623,0.9874268,0.1994476,-0.01257324,0.9798126,
Calibration,1172586.000,0.2392521,4.62355,4.134506,0.1686554,-0.01348877,0.9855804,0.2066498,-0.01841736,0.9782257,
Calibration,1172694.000,0.2392521,4.667496,4.253357,0.1698151,-0.002380371,0.9854584,0.2127686,-0.006439209,0.977066,
Calibration,1172794.000,0.2392521,4.720596,4.289871,0.1716461,-0.006149292,0.9851227,0.2160187,-0.01281738,0.9763031,
Calibration,1172894.000,0.2392521,4.74382,4.338516,0.1687775,-0.007095337,0.9856262,0.2165222,-0.01246643,0.9761963,
Calibration,1172994.000,0.2392521,4.793884,4.343506,0.167038,-0.009246826,0.9859009,0.2138062,-0.01237488,0.9767914,
Calibration,1173094.000,0.2392521,4.865829,4.366592,0.1655884,-0.01235962,0.9861145,0.2119446,-0.01268005,0.9771881,
Calibration,1173194.000,0.2392521,4.89653,4.303146,0.1647491,-0.01174927,0.9862518,0.2050934,-0.01570129,0.9786072,
Calibration,1173303.000,0.2392521,4.942245,4.369797,0.1607819,-0.01649475,0.9868469,0.2092133,-0.0135498,0.9777679,
Calibration,1173411.000,0.2392521,5.011734,4.422806,0.1561279,-0.02030945,0.9875183,0.2081299,-0.01202393,0.9780121,
Calibration,1173511.000,0.2392521,5.032288,4.448196,0.1533966,-0.02005005,0.9879608,0.2069244,-0.01707458,0.9781952,
Calibration,1173619.000,0.2392521,5.071793,4.485413,0.1539001,-0.02290344,0.9878082,0.2032166,-0.02114868,0.9788971,
Calibration,1173719.000,0.29402,5.103912,4.492828,0.1525574,-0.02612305,0.9879456,0.1952209,-0.02735901,0.9803619,
Calibration,1173828.000,0.29402,5.148041,4.547272,0.1503448,-0.02610779,0.9882813,0.2042999,-0.01831055,0.9787292,
Calibration,1173936.000,0.29402,5.140854,4.570557,0.1557007,-0.0262146,0.987442,0.2061768,-0.0163269,0.978363,
Calibration,1174036.000,0.29402,4.981827,4.398804,0.1542816,-0.01695251,0.9878693,0.196701,-0.01948547,0.9802551,
Calibration,1174144.000,0.29402,4.744431,4.234146,0.1508789,-0.02319336,0.988266,0.19487,-0.01780701,0.9806519,
Calibration,1174252.000,0.29402,4.161713,4.056091,-0.04124451,0.007614136,0.999115,0.0357666,0.01248169,0.9992676,
Calibration,1174361.000,0.29402,4.274063,3.971451,-0.07067871,0.02775574,0.9971008,0.002105713,0.01675415,0.9998474,
Calibration,1174477.000,0.29402,4.234695,3.921051,-0.07417297,0.02545166,0.9969177,0.003997803,0.02301025,0.9997253,
Calibration,1174586.000,0.29402,4.268753,3.969879,-0.07568359,0.02507019,0.9968109,0.004318237,0.02148438,0.9997559,
Calibration,1174702.000,0.29402,4.302231,4.075989,-0.06771851,0.02970886,0.9972534,0.005722046,0.02261353,0.9997253,
Calibration,1174811.000,0.29402,4.3759,4.078461,-0.08094788,0.03070068,0.9962311,0.004699707,0.02156067,0.9997559,
Calibration,1174919.000,0.29402,4.386185,4.094452,-0.07850647,0.0276947,0.996521,0.004943848,0.01971436,0.9997864,
Calibration,1175036.000,0.29402,4.374191,4.104218,-0.07809448,0.02555847,0.9966125,0.006408691,0.01977539,0.9997711,
Calibration,1175136.000,0.29402,4.320541,4.124481,-0.07324219,0.01954651,0.9971161,0.009246826,0.01733398,0.9998016,
Calibration,1175252.000,0.29402,4.274963,4.118988,-0.07516479,0.02388,0.9968719,0.01002502,0.01821899,0.9997711,
Calibration,1175369.000,0.29402,4.300751,4.135422,-0.07519531,0.02075195,0.9969482,0.01029968,0.01533508,0.9998169,
Calibration,1175477.000,0.29402,4.470703,4.125534,-0.07737732,0.02087402,0.9967804,0.01237488,0.01348877,0.9998322,
Calibration,1175585.000,0.29402,4.41832,4.157227,-0.07199097,0.02993774,0.9969482,0.01745605,0.01579285,0.9997101,
Calibration,1175685.000,0.29402,4.417572,4.248245,-0.07388306,0.02203369,0.9970093,0.01509094,0.01673889,0.9997406,
Calibration,1175785.000,0.3528309,4.418335,4.243637,-0.06651306,0.02383423,0.9974976,0.02087402,0.01583862,0.999649,
Calibration,1175894.000,0.3528309,4.425156,4.300964,-0.06619263,0.02467346,0.9974976,0.02079773,0.0144043,0.9996796,
Calibration,1176002.000,0.3528309,4.224213,4.090378,-0.07763672,0.02783203,0.996582,0.01347351,0.01387024,0.9998016,
Calibration,1176094.000,0.3528309,4.174362,3.889877,-0.07319641,0.02159119,0.9970703,0.0165863,0.01933289,0.9996643,
Calibration,1176210.000,0.3528309,3.929169,3.570938,-0.06385803,0.01422119,0.9978485,0.02085876,0.02197266,0.999527,
Calibration,1176319.000,0.3528309,3.802689,3.500122,-0.06375122,0.02053833,0.9977417,0.02281189,0.02526855,0.9994049,
Calibration,1176435.000,0.3528309,3.758438,3.482529,-0.06784058,0.01818848,0.9975281,0.02227783,0.02250671,0.9994965,
Calibration,1176544.000,0.3528309,3.838318,3.517899,-0.07531738,0.01934814,0.9969635,0.01693726,0.01983643,0.999649,
Calibration,1176644.000,0.3528309,3.966934,3.615738,-0.06982422,0.01109314,0.9974823,0.01776123,0.02301025,0.9995728,
Calibration,1176752.000,0.3528309,3.936676,3.697617,-0.05871582,0.009979248,0.9982147,0.03372192,0.01034546,0.9993744,
Calibration,1176860.000,0.3528309,4.047287,3.850677,0.09092712,-0.006881714,0.9958191,0.164978,-0.003952026,0.9862823,
Calibration,1176969.000,0.3528309,4.135635,3.938248,0.08824158,-0.008514404,0.996048,0.1727295,-0.00201416,0.9849548,
Calibration,1177069.000,0.3528309,4.174088,3.953339,0.0884552,-0.01295471,0.9959869,0.178009,-0.0003356934,0.984024,
Calibration,1177177.000,0.3528309,4.193085,3.943283,0.08436584,-0.01171875,0.9963531,0.1736908,-0.00201416,0.984787,
Calibration,1177277.000,0.3528309,4.182663,3.729095,0.08653259,-0.01242065,0.99617,0.1660614,-0.009338379,0.9860687,
Calibration,1177385.000,0.3528309,4.126923,3.822433,0.09228516,-0.008514404,0.9956818,0.1756134,-0.00541687,0.984436,
Calibration,1177477.000,0.3528309,4.043411,3.812729,0.08865356,-0.016922,0.9959106,0.1831512,-0.004241943,0.9830627,
Calibration,1177593.000,0.3528309,4.179459,3.747284,0.08631897,-0.008361816,0.9962311,0.1744995,-0.004318237,0.9846344,
Calibration,1177685.000,0.3528309,4.24501,3.798584,0.087677,-0.003234863,0.9961395,0.1623993,-0.01419067,0.986618,
Calibration,1177793.000,0.4118961,4.286011,3.957733,0.07583618,-0.008499146,0.9970703,0.1553345,-0.008361816,0.9878235,
Calibration,1177902.000,0.4118961,4.277939,4.023544,0.06092834,-0.006942749,0.9981079,0.1512451,-0.01527405,0.9883728,
Calibration,1178010.000,0.4118961,4.293488,4.012573,0.06608582,-0.008483887,0.9977722,0.1512299,-0.01419067,0.9883881,
Calibration,1178110.000,0.4118961,4.102966,3.78064,-0.07260132,0.00553894,0.9973297,0.006256104,0.007369995,0.999939,
Calibration,1178210.000,0.4118961,3.948898,3.614838,-0.08340454,0.002548218,0.9965057,-0.003768921,0.01185608,0.9999084,
Calibration,1178318.000,0.4118961,3.968201,3.459473,-0.08363342,0.01011658,0.9964294,-0.008834839,0.02059937,0.9997406,
Calibration,1178435.000,0.4118961,3.886978,3.357483,-0.08900452,0.01539612,0.9959106,-0.01924133,0.02146912,0.9995728,
Calibration,1178543.000,0.4118961,3.969589,3.657288,-0.0967865,0.0181427,0.9951324,-0.02200317,0.01176453,0.9996796,
Calibration,1178660.000,0.4118961,-1,-1,0,0,0,0,0,0,
Calibration,1178768.000,0.4118961,4.120071,3.872589,-0.03816223,0.0397644,0.9984741,0.0528717,0.03433228,0.9980011,
Calibration,1178876.000,0.4118961,4.203171,4.043762,-0.03504944,0.04129028,0.9985199,0.04872131,0.02452087,0.9985046,
Calibration,1178985.000,0.4118961,4.284927,4.025925,-0.03031921,0.05218506,0.9981689,0.05162048,0.03421021,0.9980774,
Calibration,1179085.000,0.4118961,4.39537,3.795288,-0.01908875,0.06713867,0.9975586,0.05903625,0.06666565,0.9960175,
Calibration,1179193.000,0.4118961,4.404129,3.741394,-0.001800537,0.1036682,0.9945984,0.06373596,0.09472656,0.993454,
Calibration,1179301.000,0.4118961,4.237213,3.834579,0.0009765625,0.1238861,0.9922943,0.06396484,0.1152039,0.991272,
Calibration,1179410.000,0.4118961,4.264328,3.736328,-0.004348755,0.1272736,0.9918518,0.06069946,0.1245728,0.9903412,
Calibration,1179518.000,0.4118961,4.285904,3.815247,0.008712769,0.1374054,0.9904633,0.06515503,0.1288605,0.9895172,
Calibration,1179626.000,0.4118961,4.29866,3.912262,0.007217407,0.1482849,0.9889069,0.06422424,0.1304321,0.9893646,
Calibration,1179743.000,0.4706888,4.337112,4.054733,0.004974365,0.181076,0.9834442,0.05281067,0.1669617,0.9845428,
Calibration,1179843.000,0.4706888,4.532547,4.22438,0.004821777,0.2192841,0.975647,0.06307983,0.2016754,0.977417,
Calibration,1179951.000,0.4706888,4.682556,4.471313,0.008453369,0.2113647,0.977356,0.06619263,0.2047119,0.9765778,
Calibration,1180068.000,0.4706888,4.453033,4.298172,-0.001068115,-0.1689911,0.985611,0.05535889,-0.1591034,0.9857025,
Calibration,1180176.000,0.4706888,4.281937,4.012283,-0.008544922,-0.1678619,0.9857635,0.04441833,-0.1415405,0.9889221,
Calibration,1180268.000,0.4706888,4.219955,3.812866,0.003128052,-0.1457672,0.9893036,0.04440308,-0.137146,0.9895477,
Calibration,1180376.000,0.4706888,4.120026,3.828293,0.002227783,-0.1383362,0.9903717,0.04850769,-0.1294403,0.990387,
Calibration,1180484.000,0.4706888,4.049149,3.850464,0.03997803,-0.04914856,0.9979858,-0.02485657,-0.5893402,0.8074951,
Calibration,1180584.000,0.4706888,4.027359,3.577744,-0.007324219,-0.1586609,0.9873047,0.06854248,-0.137558,0.9881134,
Calibration,1180701.000,0.4706888,4.031052,3.778351,-0.01004028,-0.1678314,0.9857635,0.0586853,-0.1667328,0.9842529,
Calibration,1180809.000,0.4706888,4.148163,4.000275,-0.08433533,-0.1307831,0.9878082,-0.02078247,-0.1331177,0.9908752,
Calibration,1180918.000,0.4706888,4.097397,3.970444,-0.06718445,-0.1505737,0.9862976,-0.03076172,-0.1403198,0.989624,
Calibration,1181034.000,0.4706888,3.991943,3.953842,-0.08389282,-0.1552429,0.9842987,-0.003585815,-0.18396,0.9829254,
Calibration,1181143.000,0.4706888,4.085236,3.941895,-0.08506775,-0.1888428,0.978302,-0.01113892,-0.1937866,0.9809723,
Calibration,1181251.000,0.4706888,3.883743,3.958237,-0.07667542,-0.2030792,0.9761505,-0.01695251,-0.1951599,0.9806213,
Calibration,1181359.000,0.4706888,4.003159,3.972977,-0.07463074,-0.2017212,0.9765778,0.006835938,-0.2001648,0.9797363,
Calibration,1181476.000,0.4706888,3.965836,4.030136,-0.05751038,-0.2100067,0.9759979,0.005126953,-0.1838074,0.9829407,
Calibration,1181593.000,0.4706888,4.0867,4.219025,-0.07461548,-0.2100372,0.9748383,0.0003204346,-0.1945953,0.9808807,
Calibration,1181709.000,0.5293096,4.294479,4.223007,-0.09075928,-0.03804016,0.9951324,-0.03704834,-0.03573608,0.9986725,
Calibration,1181809.000,0.5293096,4.197098,4.126221,-0.09144592,-0.0009765625,0.9958038,-0.03442383,0.0123291,0.9993286,
Calibration,1181926.000,0.5293096,4.181458,4.084137,-0.09365845,0.008850098,0.9955597,-0.03309631,0.004760742,0.9994354,
Calibration,1182034.000,0.5293096,4.112686,3.989227,-0.09545898,-0.002731323,0.9954224,-0.04135132,0.003982544,0.9991302,
Calibration,1182142.000,0.5293096,3.943893,3.884628,-0.1066132,-0.003204346,0.9942932,-0.04837036,0.001708984,0.9988251,
Calibration,1182242.000,0.5293096,3.870316,3.623611,-0.1034851,-0.01399231,0.9945221,-0.04060364,0.002456665,0.9991608,
Calibration,1182351.000,0.5293096,3.875946,3.532928,-0.03491211,-0.04653931,0.998291,0.03796387,-0.04797363,0.9981232,
Calibration,1182467.000,0.5293096,3.810959,3.545624,-0.03013611,-0.05206299,0.9981842,0.04780579,-0.05975342,0.9970551,
Calibration,1182576.000,0.5293096,3.773026,3.697662,-0.02330017,-0.06213379,0.9977875,0.06478882,-0.05751038,0.9962311,
Calibration,1182684.000,0.5293096,3.700272,3.679016,-0.09329224,-0.1944885,0.9764557,-0.02766418,-0.1721344,0.9846802,
Calibration,1182801.000,0.5293096,3.826675,3.693619,-0.06593323,-0.181778,0.9811096,0.005691528,-0.1799316,0.9836578,
Calibration,1182909.000,0.5293096,3.907288,3.502625,-0.04460144,-0.1804962,0.9825592,0.03361511,-0.1833954,0.9824524,
Calibration,1183017.000,0.5293096,3.874634,3.665314,-0.02389526,-0.2182922,0.9755859,0.05052185,-0.2029266,0.9778748,
Calibration,1183134.000,0.5293096,4.012817,3.636108,-0.0050354,-0.2112885,0.9774017,0.06497192,-0.202301,0.9771576,
Calibration,1183234.000,0.5293096,3.84845,3.573837,-0.0125885,-0.1882019,0.9820404,0.07221985,-0.1907196,0.9789734,
Calibration,1183334.000,0.5293096,3.867508,3.618851,-0.009643555,-0.2263641,0.9739838,0.0728302,-0.2032318,0.9764099,
Calibration,1183434.000,0.5293096,3.908539,3.681549,-0.2242584,-0.1114655,0.9681244,-0.1308746,-0.08988953,0.9873047,
Calibration,1183526.000,0.5293096,3.884689,3.636368,-0.1894073,-0.114975,0.9751282,-0.1184998,-0.09468079,0.9884186,
Calibration,1183625.000,0.5293096,3.969849,3.603943,-0.1651764,-0.1143494,0.979599,-0.08654785,-0.1073914,0.9904327,
Calibration,1183742.000,0.5880399,3.722687,3.633942,-0.1374359,-0.1209412,0.9830933,-0.08460999,-0.1099854,0.9903107,
Calibration,1183842.000,0.5880399,3.719925,3.624191,-0.1354218,-0.1108246,0.9845581,-0.08100891,-0.1081085,0.9908295,
Calibration,1183950.000,0.5880399,3.464478,3.578842,-0.1283417,-0.1061707,0.9860229,-0.09259033,-0.1084747,0.9897766,
Calibration,1184067.000,0.5880399,3.703415,3.446442,-0.1686707,-0.1115265,0.9793243,-0.0982666,-0.1140747,0.9885864,
Calibration,1184175.000,0.5880399,3.463333,3.108765,-0.01863098,-0.1044617,0.994339,0.03587341,-0.09222412,0.9950867,
Calibration,1184275.000,0.5880399,3.410492,3.130981,0.01446533,-0.09687805,0.9951782,0.05319214,-0.08662415,0.994812,
Calibration,1184384.000,0.5880399,3.272125,3.061844,0.001190186,-0.1028595,0.9946899,0.04672241,-0.09118652,0.9947205,
Calibration,1184492.000,0.5880399,3.272049,3.058075,0.002807617,-0.1005096,0.9949188,0.04927063,-0.09294128,0.9944458,
Calibration,1184584.000,0.5880399,3.340973,3.117386,0.05245972,-0.070755,0.996109,0.1001587,-0.06678772,0.9927216,
Calibration,1184692.000,0.5880399,3.201736,3.121628,0.1000824,-0.05409241,0.9934998,0.1737366,-0.03416443,0.9841919,
Calibration,1184800.000,0.5880399,3.229675,3.226196,0.09796143,-0.05155945,0.9938507,0.1641541,-0.03234863,0.9859009,
Calibration,1184900.000,0.5880399,3.102875,3.178757,0.08328247,-0.05851746,0.9947968,0.1629028,-0.03396606,0.9860535,
Calibration,1185017.000,0.5880399,3.303391,3.298279,0.08969116,-0.05354309,0.9945221,0.1697083,-0.0307312,0.9850006,
Calibration,1185133.000,0.5880399,3.255753,3.3629,0.08544922,-0.05775452,0.9946594,0.1637421,-0.03233337,0.9859619,
Calibration,1185242.000,0.5880399,3.547485,3.460098,0.08044434,-0.04528809,0.9957275,0.154007,-0.03881836,0.9872894,
Calibration,1185350.000,0.5880399,3.464996,3.425415,0.06970215,-0.0637207,0.9955292,0.1529388,-0.04148865,0.9873505,
Calibration,1185467.000,0.5880399,3.615448,3.369385,0.03173828,-0.05152893,0.9981537,0.08892822,-0.04653931,0.9949493,
Calibration,1185575.000,0.5880399,3.460007,3.133102,0.02217102,-0.02427673,0.9994507,0.07963562,-0.02632141,0.9964752,
Calibration,1185692.000,0.5880399,3.435226,3.110733,0.02226257,-0.02552795,0.9994202,0.07917786,-0.02722168,0.9964752,
Calibration,1185800.000,0.6469958,3.429581,3.170471,0.02885437,-0.02069092,0.9993591,0.08648682,-0.0218811,0.9960022,
Calibration,1185908.000,0.6469958,3.410416,3.170609,0.02606201,-0.02352905,0.9993744,0.08389282,-0.02412415,0.99617,
Calibration,1186008.000,0.6469958,3.368622,3.162613,0.02282715,-0.02464294,0.9994354,0.08506775,-0.03230286,0.9958496,
Calibration,1186108.000,0.6469958,3.324234,3.086105,0.02282715,-0.02180481,0.9994965,0.08262634,-0.02874756,0.9961548,
Calibration,1186208.000,0.6469958,3.285675,3.003906,0.02584839,-0.02304077,0.9993896,0.0798645,-0.03161621,0.9962921,
Calibration,1186317.000,0.6469958,3.17981,2.925735,0.02659607,-0.0224762,0.9993896,0.08016968,-0.03096008,0.9962921,
Calibration,1186433.000,0.6469958,3.126465,2.903931,0.02709961,-0.02314758,0.9993591,0.07974243,-0.03173828,0.9963074,
Calibration,1186542.000,0.6469958,3.040695,2.901993,0.02320862,-0.03240967,0.9991913,0.0785675,-0.02798462,0.9965057,
Calibration,1186650.000,0.6469958,3.072754,2.905289,0.0227356,-0.03288269,0.9991913,0.07717896,-0.02864075,0.9965973,
Calibration,1186766.000,0.6469958,3.063675,2.942886,0.02072144,-0.03144836,0.9992828,0.07865906,-0.03161621,0.9963989,
Calibration,1186875.000,0.6469958,3.108215,2.957886,0.02113342,-0.03091431,0.9992981,0.07649231,-0.03060913,0.9965973,
Calibration,1186983.000,0.6469958,3.156082,2.982178,0.02461243,-0.02815247,0.9992981,0.07936096,-0.02531433,0.996521,
Calibration,1187100.000,0.6469958,3.234238,3.02034,-0.1143951,0.02584839,0.9930878,-0.05578613,0.04118347,0.9975891,
Calibration,1187208.000,0.6469958,3.288574,2.96994,-0.125,0.03788757,0.9914246,-0.05751038,0.03755188,0.9976349,
Calibration,1187316.000,0.6469958,3.222214,2.930725,-0.1230316,0.03877258,0.9916382,-0.05554199,0.03897095,0.9976807,
Calibration,1187425.000,0.6469958,3.220123,2.942093,-0.1228485,0.03268433,0.9918823,-0.0582428,0.04127502,0.9974365,
Calibration,1187541.000,0.6469958,3.247803,2.956665,-0.1233673,0.03227234,0.9918213,-0.05825806,0.04179382,0.9974213,
Calibration,1187641.000,0.6469958,3.319916,2.996338,-0.1221771,0.02981567,0.9920502,-0.05345154,0.03930664,0.9977875,
Calibration,1187750.000,0.6469958,3.345123,3.072739,-0.1199493,0.03060913,0.9922943,-0.05187988,0.036026,0.9980011,
Calibration,1187858.000,0.7056618,3.335205,3.123062,-0.1195679,0.0292511,0.9923859,-0.05332947,0.03552246,0.9979401,
Calibration,1187975.000,0.7056618,3.280167,3.062454,-0.1177368,0.02734375,0.9926605,-0.05455017,0.03533936,0.997879,
Calibration,1188083.000,0.7056618,3.235916,3.014633,-0.1228943,0.02655029,0.9920502,-0.05329895,0.03529358,0.9979401,
Calibration,1188191.000,0.7056618,3.183655,2.887817,-0.1197052,0.02851868,0.9923859,-0.05755615,0.03512573,0.9977112,
Calibration,1188308.000,0.7056618,3.02182,2.807327,-0.1186981,0.02687073,0.9925537,-0.05633545,0.034729,0.9978027,
Calibration,1188416.000,0.7056618,2.87384,2.691147,-0.02278137,0.02912903,0.9993134,0.01255798,0.03468323,0.9993134,
Calibration,1188533.000,0.7056618,2.755585,2.679337,0.1470642,0.03927612,0.9883423,0.1888885,0.0405426,0.9811554,
Calibration,1188649.000,0.7056618,2.837982,2.712463,0.1488495,0.03215027,0.988327,0.1931305,0.03646851,0.980484,
Calibration,1188758.000,0.7056618,2.876343,2.740112,0.1466217,0.03065491,0.9887085,0.1958313,0.03224182,0.9801025,
Calibration,1188866.000,0.7056618,2.94899,2.821106,0.1462708,0.03604126,0.9885864,0.1963501,0.03059387,0.9800415,
Calibration,1188974.000,0.7056618,2.995987,2.845154,0.1405029,0.03025818,0.9896088,0.1968842,0.02813721,0.980011,
Calibration,1189074.000,0.7056618,2.970703,2.815628,0.1341553,0.03199768,0.9904327,0.1959229,0.02867126,0.9801941,
Calibration,1189183.000,0.7056618,2.994064,2.837219,0.1354523,0.03198242,0.9902649,0.1966095,0.02764893,0.9800873,
Calibration,1189291.000,0.7056618,3.042465,2.886261,0.1323853,0.0305481,0.9907227,0.1963806,0.02711487,0.9801483,
Calibration,1189391.000,0.7056618,3.085068,2.891388,0.130188,0.03338623,0.990921,0.1955109,0.02644348,0.9803314,
Calibration,1189499.000,0.7056618,3.132004,2.959076,0.122467,0.03747559,0.9917603,0.1933441,0.03225708,0.9805908,
Calibration,1189608.000,0.7056618,3.059799,2.975281,0.1232452,0.03536987,0.9917297,0.1933136,0.03164673,0.9806213,
Calibration,1189716.000,0.7056618,3.046509,2.989563,0.1225891,0.03265381,0.9919128,0.1953888,0.0458374,0.9796448,
Calibration,1189841.000,0.7650596,3.023758,2.995422,0.124054,0.03913879,0.9915009,0.1947479,0.04774475,0.9796753,
Calibration,1189949.000,0.7650596,2.942276,2.918213,0.1253815,0.03764343,0.9913788,0.1938782,0.04730225,0.9798737,
Calibration,1190049.000,0.7650596,2.984497,2.84584,0.1073761,0.04762268,0.9930725,0.182373,0.05000305,0.9819489,
Calibration,1190174.000,0.7650596,2.827667,2.737244,0.08750916,0.08073425,0.9928741,0.1446533,0.07643127,0.9865112,
Calibration,1190282.000,0.7650596,2.760254,2.672974,0.02026367,0.1253052,0.9918976,0.07044983,0.1170197,0.9906158,
Calibration,1190391.000,0.7650596,2.871948,2.680237,-0.1180115,0.1568909,0.9805298,-0.06692505,0.1532135,0.9859161,
Calibration,1190507.000,0.7650596,2.831238,2.633804,-0.1159058,0.1607208,0.9801636,-0.07093811,0.1476288,0.9864807,
Calibration,1190616.000,0.7650596,2.845551,2.711807,-0.1178741,0.1581421,0.9803467,-0.07513428,0.1493683,0.9859161,
Calibration,1190724.000,0.7650596,2.938202,2.766083,-0.1190643,0.1509552,0.9813385,-0.07121277,0.1480713,0.9864044,
Calibration,1190832.000,0.7650596,2.895615,2.805725,-0.1187592,0.1564789,0.9804993,-0.07461548,0.1473846,0.9862518,
Calibration,1190941.000,0.7650596,-1,-1,0,0,0,0,0,0,
Calibration,1191049.000,0.7650596,3.079971,2.859207,-0.3085327,0.1542511,0.9386139,-0.2406769,0.1466522,0.9594574,
Calibration,1191157.000,0.7650596,3.076553,2.971008,-0.2978516,0.1538086,0.9421234,-0.2581177,0.1426544,0.9555054,
Calibration,1191257.000,0.7650596,3.139175,2.97699,-0.2982788,0.1491852,0.9427338,-0.2561188,0.1387787,0.9566193,
Calibration,1191374.000,0.7650596,3.165283,3.176865,-0.3167572,0.1453552,0.9372864,-0.2621002,0.1280823,0.9564972,
Calibration,1191474.000,0.7650596,3.160446,3.105331,-0.5598297,0.08956909,0.8237457,-0.5197906,0.07899475,0.8506165,
Calibration,1191582.000,0.7650596,3.113617,3.042389,-0.5592041,0.08218384,0.8249359,-0.5151367,0.08538818,0.852829,
Calibration,1191682.000,0.7650596,3.032593,2.934601,-0.1038971,0.1910095,0.976059,-0.05729675,0.1923218,0.9796448,
Calibration,1191790.000,0.7650596,2.972885,2.860733,-0.1019745,0.196701,0.9751434,-0.04983521,0.1896515,0.9805756,
Calibration,1191899.000,0.8237922,2.975647,2.943756,-0.1069336,0.1862946,0.9766541,-0.06819153,0.169342,0.9831848,
Calibration,1192007.000,0.8237922,2.967377,2.888977,-0.1058044,0.1904297,0.9759674,-0.06155396,0.1687622,0.9837189,
Calibration,1192115.000,0.8237922,2.984543,2.771942,-0.1870575,0.2086639,0.9599152,-0.1389313,0.2014465,0.9695892,
Calibration,1192224.000,0.8237922,3.043152,3.026443,-0.5640106,-0.2335815,0.792038,-0.5310669,-0.2326965,0.814743,
Calibration,1192340.000,0.8237922,3.102646,3.081757,-0.5652466,-0.2339935,0.7910156,-0.5170135,-0.2425079,0.8208923,
Calibration,1192449.000,0.8237922,3.135971,3.109863,-0.566803,-0.2487183,0.7854004,-0.5166931,-0.2388153,0.8221741,
Calibration,1192549.000,0.8237922,3.137451,3.211624,-0.5540466,-0.2532959,0.7929993,-0.5028381,-0.2378082,0.8310089,
Calibration,1192665.000,0.8237922,3.253326,3.192032,-0.4531403,-0.3842163,0.8043823,-0.3996582,-0.3813629,0.8335571,
Calibration,1192774.000,0.8237922,3.264526,3.170197,-0.4306335,-0.3928223,0.8125458,-0.3791351,-0.3665771,0.8496094,
Calibration,1192873.000,0.8237922,3.281021,3.350708,-0.3948364,-0.3648987,0.8431549,-0.3491974,-0.3596954,0.8652496,
Calibration,1192982.000,0.8237922,3.347382,3.287094,-0.356369,-0.4116516,0.8387604,-0.335083,-0.3690338,0.8668976,
Calibration,1193090.000,0.8237922,3.168304,2.904053,-0.3090668,-0.411087,0.8575897,-0.2656708,-0.3753967,0.8879547,
Calibration,1193190.000,0.8237922,3.181427,3.017166,-0.2872772,-0.4059143,0.867569,-0.255722,-0.3743896,0.8913116,
Calibration,1193290.000,0.8237922,3.227585,3.054718,-0.2709351,-0.4008331,0.8751526,-0.2315216,-0.3755035,0.8974304,
Calibration,1193407.000,0.8237922,3.053253,2.903076,-0.2233582,-0.3862762,0.8949127,-0.2056122,-0.3863831,0.8991089,
Calibration,1193515.000,0.8237922,2.880325,2.676498,-0.1723022,-0.3693542,0.9131622,-0.1214752,-0.348587,0.9293518,
Calibration,1193623.000,0.8237922,2.910675,2.861237,-0.1304932,-0.3841705,0.9139862,-0.1005096,-0.3543243,0.9296875,
Calibration,1193740.000,0.8237922,2.757935,2.71077,-0.2607117,-0.2284851,0.937973,-0.2320251,-0.1535339,0.9605103,
Calibration,1193856.000,0.88269,3.107605,2.885986,-0.3637543,-0.09146118,0.9269867,-0.3665466,-0.07707214,0.9271851,
Calibration,1193973.000,0.88269,2.873138,2.878586,-0.2751617,-0.08854675,0.9573059,-0.2542572,-0.07789612,0.9639893,
Calibration,1194081.000,0.88269,2.75856,2.552124,-0.194458,-0.09393311,0.9763947,-0.1716309,-0.07823181,0.9820404,
Calibration,1194198.000,0.88269,2.568802,2.451614,-0.1216125,-0.1151733,0.9858704,-0.1212006,-0.08738708,0.9887695,
Calibration,1194306.000,0.88269,2.890457,2.482315,-0.3063507,-0.1170197,0.9446869,-0.2722626,-0.09397888,0.9576111,
Calibration,1194406.000,0.88269,2.812363,2.560974,-0.2201233,-0.1376343,0.9656982,-0.2020111,-0.1165619,0.9724121,
Calibration,1194506.000,0.88269,2.638,2.596695,-0.1389313,-0.1378479,0.9806519,-0.1276245,-0.1306152,0.9831696,
Calibration,1194606.000,0.88269,2.735199,2.533005,-0.09254456,-0.1421356,0.9855042,-0.07389832,-0.120163,0.9899902,
Calibration,1194715.000,0.88269,2.652405,2.494995,-0.1044617,-0.1145477,0.9878998,-0.05715942,-0.1210785,0.9909821,
Calibration,1194806.000,0.88269,2.656433,2.667694,-0.118927,-0.1407166,0.9828796,-0.09367371,-0.125061,0.9877014,
Calibration,1194915.000,0.88269,2.690964,2.61409,-0.1638641,-0.1439667,0.9759064,-0.1373901,-0.135025,0.9812622,
Calibration,1195023.000,0.88269,2.897598,2.598068,0.05053711,-0.1121826,0.9923859,0.07218933,-0.1009064,0.9922638,
Calibration,1195123.000,0.88269,2.695007,2.669968,0.14888,-0.1243591,0.9810028,0.177475,-0.1225586,0.9764557,
Calibration,1195231.000,0.88269,2.82901,2.571915,0.02156067,-0.1362305,0.9904327,0.04534912,-0.1117706,0.992691,
Calibration,1195340.000,0.88269,2.889984,2.496857,0.2784424,-0.09698486,0.9555359,0.2558136,-0.09733582,0.9618073,
Calibration,1195431.000,0.88269,2.643158,2.565765,0.07983398,-0.1109619,0.9906006,0.1242218,-0.0914917,0.9880219,
Calibration,1195539.000,0.88269,2.797775,2.750778,0.1463776,-0.06375122,0.9871674,0.1908722,-0.04444885,0.9806061,
Calibration,1195656.000,0.88269,2.873901,2.652939,-0.08940125,-0.06082153,0.9941254,-0.05166626,-0.04600525,0.9975891,
Calibration,1195773.000,0.88269,2.765778,2.697495,0.04924011,-0.04943848,0.9975586,0.06997681,-0.04100037,0.9967041,
Calibration,1195889.000,0.9413775,2.76413,2.657318,-0.06687927,-0.06088257,0.9958954,-0.03886414,-0.03593445,0.9985962,
Calibration,1195989.000,0.9413775,2.634308,2.626328,-0.1038666,-0.03465271,0.9939728,-0.07572937,-0.02867126,0.9967041,
Calibration,1196114.000,0.9413775,2.746689,2.608658,-0.06976318,-0.04647827,0.9964752,-0.04301453,-0.03201294,0.9985504,
Calibration,1196223.000,0.9413775,2.610077,2.598358,-0.01828003,-0.06362915,0.9978027,0.02313232,-0.04689026,0.9986267,
Calibration,1196339.000,0.9413775,2.706635,2.620132,0.04019165,-0.05369568,0.9977417,0.06143188,-0.04969788,0.9968567,
Calibration,1196448.000,0.9413775,2.705368,2.721283,0.04356384,-0.04966736,0.9978027,0.0814209,-0.03887939,0.9959106,
Calibration,1196556.000,0.9413775,2.815094,2.629257,0.03375244,-0.03039551,0.9989624,0.07270813,-0.01560974,0.9972229,
Calibration,1196664.000,0.9413775,2.910736,2.778076,0.05342102,-0.05122375,0.9972534,0.08415222,-0.02894592,0.9960175,
Calibration,1196781.000,0.9413775,2.783585,2.763443,0.06030273,-0.04704285,0.9970703,0.09634399,-0.03034973,0.994873,
Calibration,1196889.000,0.9413775,2.820007,2.81427,0.04922485,-0.03936768,0.9980011,0.07885742,-0.03244019,0.9963531,
Calibration,1196989.000,0.9413775,2.769211,2.421402,0.07772827,-0.03018188,0.9965057,0.1021576,-0.003158569,0.994751,
Calibration,1197106.000,0.9413775,2.854858,2.736053,0.09036255,-0.004013062,0.9958954,0.1372833,0.02209473,0.9902802,
Calibration,1197222.000,0.9413775,2.779312,2.653778,0.1008301,0.006546021,0.994873,0.1473083,0.02278137,0.9888153,
Calibration,1197339.000,0.9413775,2.905502,2.595673,0.04226685,0.0118103,0.9990234,0.07562256,0.01126099,0.9970703,
Calibration,1197456.000,0.9413775,2.806137,2.653107,0.05392456,0.0141449,0.9984436,0.08760071,0.02301025,0.9958801,
Calibration,1197556.000,0.9413775,2.658234,2.583267,0.04125977,0.04290771,0.9982147,0.0843811,0.04890442,0.995224,
Calibration,1197681.000,0.9413775,2.78302,2.545944,0.03604126,0.05728149,0.9976959,0.07324219,0.05130005,0.9959869,
Calibration,1197789.000,0.9411054,2.757736,2.58551,0.03271484,0.05467224,0.9979553,0.08337402,0.05151367,0.9951782,
Calibration,1197906.000,0.999737,2.650574,2.504227,0.02287292,0.04171753,0.9988556,0.06692505,0.0506897,0.99646,
Calibration,1198022.000,0.9999731,2.648087,2.537643,0.01968384,0.03648376,0.9991302,0.06561279,0.02400208,0.9975433,
Calibration,1198147.000,1,2.648636,2.59285,0.02056885,0.00328064,0.9997711,0.06513977,0.008010864,0.9978333,
Calibration,1198256.000,1,2.581009,2.546082,-0.05574036,-0.2267761,0.9723358,0.0004272461,-0.2296295,0.9732666,
Calibration,1198372.000,1,2.476303,2.47464,-0.04829407,-0.2380066,0.970047,7.629395E-05,-0.2349091,0.9720154,
Calibration,1198489.000,1,2.343338,2.571609,-0.04922485,-0.2401733,0.9694672,0.000869751,-0.2421112,0.9702301,
Calibration,1198606.000,1,2.548447,2.546082,-0.06530762,-0.258667,0.9637451,-0.003845215,-0.24263,0.970108,
Calibration,1198705.000,1,2.501556,2.501648,-0.06539917,-0.2573853,0.9640808,-0.005874634,-0.2460632,0.969223,
Calibration,1198822.000,1,2.371063,2.447433,-0.0645752,-0.2417908,0.9681702,-0.006195068,-0.2464752,0.9691162,
Calibration,1198930.000,1,2.355225,2.463638,-0.06428528,-0.2415924,0.9682312,-0.004379272,-0.2501678,0.9681854,
Calibration,1199047.000,1,2.423935,2.437546,-0.07139587,-0.2525177,0.9649506,-0.009399414,-0.2504883,0.9680634,
Calibration,1199155.000,1,2.306,2.417419,-0.03031921,-0.187851,0.98172,-1.525879E-05,-0.1924438,0.9812927,
Calibration,1199255.000,1,2.523285,2.492386,0.02008057,-0.06781006,0.9974823,0.0506134,-0.06509399,0.996582,
Calibration,1199364.000,1,2.427139,2.508896,0.01698303,-0.05805969,0.9981537,0.05307007,-0.05525208,0.9970551,
Calibration,1199480.000,1,2.410904,2.46582,0.0128479,-0.05239868,0.9985352,0.05253601,-0.05514526,0.9970856,
Calibration,1199597.000,1,2.410019,2.46666,0.0112915,-0.05247498,0.9985504,0.05203247,-0.0526886,0.9972534,
Calibration,1199714.000,1,2.361923,2.550323,0.007522583,-0.05348206,0.9985352,0.05516052,-0.05455017,0.9969788,
