Timestamp,Luminance,PupilDiameterLeft,PupilDiameterRight,GazeLeftX,GazeLeftY,GazeLeftZ,GazeRightX,GazeRightY,GazeRightZ
2869746.000,0,3.215622,3.289398,0.06663513,0.3208618,0.9447632,-0.004104614,0.5663757,0.8241272,
2869846.000,0,-1,-1,0,0,0,0,0,0,
2869938.000,0,3.43103,-1,0.001235962,-0.1782379,0.9839783,0,0,0,
2870046.000,0,3.527634,-1,-0.002090454,0.1047974,0.9944763,0,0,0,
2870155.000,0,3.743607,3.528168,-0.02304077,0.1502686,0.9883728,0.02409363,-0.3429565,0.9390259,
2870255.000,0.0001114234,3.647842,3.323181,-0.03395081,0.1573944,0.9869385,0.03630066,-0.1428528,0.9890747,
2870355.000,3.777723E-06,3.552353,3.249191,-0.03692627,0.1609955,0.9862518,-0.02047729,-0.21492,0.9764099,
2870446.000,0,3.570374,3.61174,0.02389526,0.2505646,0.9677887,0.01321411,0.2922516,0.9562378,
2870538.000,2.93335E-05,3.525543,3.408707,0.04997253,0.4077759,0.9116974,0.07080078,0.4440918,0.8931732,
2870621.000,2.495557E-05,3.517639,3.379166,0.05046082,0.4146729,0.9085541,0.07933044,0.4409027,0.8940277,
2870704.000,2.495557E-05,3.285248,3.475693,0.03619385,0.3592834,0.9325256,0.05422974,0.4302826,0.9010468,
2870788.000,2.843819E-05,3.679062,3.587051,0.04197693,0.518219,0.8542023,0.09063721,0.5268555,0.8450928,
2870871.000,2.698641E-05,3.762421,3.602371,0.04878235,0.5144958,0.8560944,0.08377075,0.5270691,0.8456726,
2870954.000,1.931747E-05,3.884491,3.596298,0.05072021,0.5400085,0.8401184,0.07922363,0.50354,0.860321,
2871038.000,0,4.222061,3.820969,0.05514526,0.5450439,0.8365784,0.1183014,0.5381317,0.8345032,
2871121.000,0,4.01091,3.698196,0.09295654,0.5105438,0.8547974,0.1236725,0.4684906,0.8747559,
2871204.000,1.827629E-05,4.02858,3.724396,0.09025574,0.5072479,0.8570404,0.1271973,0.4705505,0.8731384,
2871288.000,0,4.035706,3.725388,0.09310913,0.496582,0.8629608,0.1259766,0.4239807,0.8968506,
2871371.000,0,4.205276,3.814285,0.09185791,0.489624,0.8670654,0.1186218,0.4395752,0.8903198,
2871454.000,2.051849E-05,4.259232,3.847519,0.08981323,0.4916687,0.8661194,0.1100159,0.4453583,0.8885651,
2871537.000,2.051849E-05,-1,4.196854,0,0,0,0.1004028,0.4501648,0.8872681,
2871621.000,0,4.26442,3.875305,0.1285553,0.3975525,0.9085236,0.126358,0.4221039,0.8976898,
2871704.000,1.991051E-05,4.316803,3.886917,0.08473206,0.3882599,0.9176331,0.114624,0.3346558,0.9353333,
2871787.000,2.149127E-05,4.349762,3.900314,0.1044922,0.3782501,0.9197693,0.1114349,0.3522491,0.9292297,
2871871.000,2.168141E-05,4.371262,3.878143,0.09510803,0.3846588,0.9181366,0.1100464,0.3445892,0.9322662,
2871954.000,2.168141E-05,4.367661,3.908524,0.08903503,0.3893127,0.9167786,0.1089325,0.34729,0.9313965,
2872037.000,0,4.521439,4.088776,0.2137451,0.3307343,0.9191895,0.2155609,0.2364655,0.9474182,
2872121.000,2.238083E-05,4.607651,4.015366,0.286377,0.3105316,0.9063873,0.2706604,0.1798248,0.9457092,
2872204.000,0,4.781342,4.059204,0.3138123,0.3158722,0.8953857,0.2678986,0.2025604,0.9418945,
2872287.000,0,4.672485,4.075699,0.2854767,0.3053589,0.9084167,0.2625885,0.2005157,0.9438324,
2872371.000,0,4.686279,4.151566,0.2841644,0.3131561,0.906189,0.2543335,0.2459106,0.935318,
2872454.000,2.714723E-05,4.521866,4.10524,0.09448242,0.324173,0.9412537,0.09747314,0.2478485,0.9638672,
2872537.000,2.68281E-05,4.543518,4.116196,0.0933075,0.3381348,0.9364471,0.08944702,0.2518616,0.9636078,
2872621.000,2.452475E-05,4.490891,4.15564,0.08918762,0.3336487,0.9384613,0.08781433,0.2651825,0.9601898,
2872704.000,2.452475E-05,4.497574,4.149521,0.08282471,0.3363953,0.9380646,0.07940674,0.2666321,0.9605103,
2872787.000,2.571084E-05,4.49321,4.032623,0.0916748,0.4668579,0.8795471,0.09666443,0.345459,0.9334259,
2872871.000,2.417532E-05,4.679581,4.068848,0.09111023,0.47052,0.877655,0.09771729,0.3845673,0.9178925,
2872954.000,0,4.713516,4.094452,0.08876038,0.4756622,0.8751221,0.08869934,0.4007111,0.9118805,
2873037.000,0,4.749908,4.128418,0.08540344,0.4733429,0.876709,0.08328247,0.3968506,0.914093,
2873120.000,2.549808E-05,4.807343,4.164124,0.08067322,0.4787903,0.8742065,0.07655334,0.3953857,0.9153137,
2873204.000,5.714188E-06,4.820602,4.28743,0.08378601,0.4819183,0.8721924,0.08720398,0.4251862,0.9008789,
2873287.000,6.656795E-06,4.819717,4.298889,0.08018494,0.4793549,0.8739471,0.0881958,0.4288025,0.8990784,
2873370.000,2.35524E-05,4.802307,4.259689,0.08052063,0.4792023,0.8739929,0.08613586,0.3999786,0.9124603,
2873454.000,2.35524E-05,4.805206,4.281769,0.07844543,0.4803162,0.8735657,0.08500671,0.4165649,0.9051056,
2873537.000,2.345328E-05,4.797089,4.24794,0.08024597,0.4796295,0.8737793,0.07792664,0.4165039,0.905777,
2873620.000,2.343834E-05,4.807785,4.270416,0.07620239,0.475708,0.8762817,0.07855225,0.4270782,0.9007874,
2873704.000,2.305806E-05,4.870331,4.262451,0.07409668,0.4835205,0.8721771,0.09684753,0.4361572,0.8946381,
2873787.000,2.139312E-05,4.824265,4.282242,0.06922913,0.4811096,0.8739166,0.1127167,0.4594574,0.881012,
2873870.000,2.139312E-05,4.803268,4.207199,0.06518555,0.4831543,0.8730927,0.1152039,0.4667358,0.8768463,
2873954.000,2.186484E-05,4.76918,4.204437,0.06602478,0.47966,0.8749542,0.1242676,0.4686279,0.8746033,
2874037.000,2.022295E-05,4.820114,4.373367,0.1126099,0.4780273,0.8710785,0.12883,0.4306488,0.8932648,
2874120.000,1.990381E-05,5.000137,4.471054,0.1590881,0.4589691,0.8740845,0.1595917,0.3911896,0.9063568,
2874204.000,1.990381E-05,5.077499,4.464767,0.1630859,0.4649963,0.8701477,0.1616211,0.3975372,0.9032288,
2874287.000,2.001019E-05,5.088989,4.491623,0.1576233,0.46875,0.8691406,0.1572113,0.4070435,0.899765,
2874370.000,0,5.08313,4.456284,0.1508942,0.4608307,0.8745575,0.1548615,0.4090881,0.8992462,
2874453.000,1.929583E-05,5.082779,4.439087,0.1635284,0.4743958,0.864975,0.1549835,0.4152527,0.8963928,
2874537.000,1.929583E-05,5.058472,4.435471,0.1474457,0.4675598,0.8715668,0.1446075,0.4050751,0.9027557,
2874620.000,1.980511E-05,4.994003,4.443771,0.1459351,0.4636383,0.8739014,0.1595306,0.4030914,0.9011383,
2874703.000,0,4.991409,4.414734,0.1497192,0.4689331,0.8704376,0.1634521,0.411438,0.8966522,
2874787.000,1.661946E-05,4.973282,4.419495,0.1443176,0.4650269,0.8734436,0.1658478,0.4257813,0.8894806,
2874870.000,1.661946E-05,4.973373,4.450623,0.1416473,0.4647827,0.8740082,0.1494141,0.4395599,0.8856812,
2874953.000,0,4.979492,4.432755,0.1394043,0.4696503,0.8717651,0.1604156,0.4335022,0.8867493,
2875037.000,1.688666E-05,4.998581,4.4534,0.1354675,0.4721985,0.8710022,0.1602936,0.4372253,0.8849487,
2875120.000,1.664305E-05,4.997482,4.453522,0.134201,0.4701233,0.8723297,0.1759949,0.4349213,0.8830872,
2875203.000,0,5.017334,4.450592,0.1373749,0.4736176,0.8699341,0.1420135,0.4125061,0.8998108,
2875287.000,0,5.023849,4.511124,0.1305542,0.4735413,0.8710327,0.1405182,0.4207764,0.8961945,
2875370.000,1.654435E-05,5.01767,4.482742,0.1287842,0.4750366,0.8704681,0.1439056,0.4224854,0.8948517,
2875453.000,1.681058E-05,4.98967,4.514816,0.1087036,0.4084167,0.9062805,0.1127319,0.35289,0.928833,
2875537.000,1.566302E-05,5.065903,4.542236,0.1000671,0.4124146,0.9054718,0.1220551,0.3382416,0.9331055,
2875620.000,1.627868E-05,5.134399,4.535889,0.1060791,0.4160614,0.9031067,0.1120453,0.3489227,0.9304199,
2875703.000,1.627868E-05,5.149643,4.487518,0.09576416,0.4110718,0.9065399,0.1163483,0.3233643,0.9390869,
2875787.000,1.569332E-05,5.179413,4.546661,0.09713745,0.4133759,0.9053497,0.1139832,0.3448792,0.9316864,
2875870.000,0,5.165207,4.54512,0.09243774,0.4110565,0.9069061,0.1156311,0.3318329,0.9362183,
2875953.000,8.510349E-07,5.122543,4.522629,0.08459473,0.4092255,0.908493,0.1042328,0.3141174,0.943634,
2876036.000,8.510349E-07,5.082901,4.497986,0.07868958,0.4047241,0.9110413,0.1023407,0.3245392,0.9403076,
2876120.000,1.515374E-05,5.043396,4.484467,0.06790161,0.3964996,0.9155121,0.1048584,0.3348236,0.9364166,
2876203.000,1.386951E-05,5.054321,4.429901,0.07093811,0.4006348,0.9134674,0.1096344,0.3308411,0.9372864,
2876286.000,1.408995E-05,5.0354,4.492828,0.07095337,0.4006958,0.9134521,0.1085663,0.3435974,0.9328156,
2876370.000,1.408995E-05,4.986099,4.495514,0.08126831,0.4112854,0.9078674,0.09025574,0.3378448,0.9368439,
2876453.000,1.494866E-05,4.741638,4.417511,0.02580261,0.1176758,0.9927063,0.04968262,0.0819397,0.9953918,
2876536.000,2.397847E-05,4.957855,-1,0.01574707,-0.3920746,0.9197845,0,0,0,
2876620.000,1.198455E-05,4.719406,4.661163,-0.06932068,-0.511795,0.8562927,-0.07876587,-0.4972687,0.8639984,
2876703.000,0,4.90863,4.594742,-0.06095886,-0.4257202,0.9027863,-0.06585693,-0.4523468,0.889389,
2876786.000,0,4.743195,4.483917,-0.07806396,-0.02209473,0.9966888,-0.0365448,-0.01661682,0.9991913,
2876870.000,0,4.614883,4.431381,-0.05509949,0.0050354,0.9984589,-0.02249146,0.01882935,0.9995575,
2876953.000,0,4.651169,4.692673,-0.01998901,0.003356934,0.9997864,-0.01541138,0.05587769,0.9983063,
2877036.000,0,4.599365,4.567551,-0.01301575,0.02264404,0.999649,0.04136658,0.01463318,0.9990234,
2877120.000,0,4.874786,4.682022,0.01716614,0.2373199,0.9712677,0.04632568,0.2737885,0.9606628,
2877203.000,0,5.143692,4.709351,0.05245972,0.482666,0.8742218,0.06150818,0.4796143,0.8753052,
2877286.000,0,5.204468,4.688858,0.04830933,0.4753723,0.8784485,0.05912781,0.4962463,0.8661499,
2877369.000,0,5.328445,4.75441,0.02774048,0.4948883,0.8684998,0.07516479,0.5316925,0.8435822,
2877453.000,0,5.367523,4.776627,0.03253174,0.4987793,0.8661041,0.05688477,0.5119324,0.857132,
2877536.000,0,5.172089,4.747559,0.004318237,0.4666748,0.8844147,0.03849792,0.4767761,0.8781738,
2877619.000,0,5.323502,4.671661,0.01072693,0.4833984,0.8753204,0.01409912,0.5149536,0.8570862,
2877703.000,3.526008E-06,5.31546,4.998199,0.02479553,0.4514008,0.8919678,0.01756287,0.4988556,0.8664856,
2877786.000,0,5.291122,4.993118,0.004592896,0.4762878,0.8792725,0.009078979,0.480423,0.8769836,
2877869.000,0,5.536957,5.1577,0.3377228,0.4343719,0.8350067,0.3388367,0.4170685,0.843338,
2877953.000,7.458062E-05,5.490387,5.033752,0.3270416,0.3856201,0.8627319,0.3227234,0.4128418,0.8516998,
2878036.000,0.0002748382,5.638321,4.925308,0.3076324,0.3973846,0.8645325,0.2850952,0.3758545,0.8817291,
2878119.000,0,5.727783,4.903397,0.3059845,0.4196777,0.854538,0.279007,0.3617554,0.8895264,
2878203.000,0.0002725999,5.589828,4.911392,0.3056488,0.4095917,0.8595276,0.2858734,0.4000702,0.8707428,
2878286.000,0.0002725999,5.715881,5.012604,0.2756958,0.4250488,0.8621521,0.2659607,0.3730469,0.8888702,
2878369.000,0.0004682397,5.547409,4.958435,0.2240906,0.4127655,0.8828278,0.1891632,0.414505,0.8901672,
2878453.000,0.0001814976,5.625595,5.065445,0.1283417,0.5359955,0.8343964,0.1042938,0.5281677,0.8426971,
2878536.000,0.0004674341,-1,-1,0,0,0,0,0,0,
2878619.000,0.0004762275,-1,-1,0,0,0,0,0,0,
2878703.000,0.0004762275,-1,-1,0,0,0,0,0,0,
2878786.000,0.0004600569,-1,-1,0,0,0,0,0,0,
2878869.000,0.0004498438,-1,-1,0,0,0,0,0,0,
2878952.000,0.0004534187,-1,-1,0,0,0,0,0,0,
2879036.000,9.923746E-05,5.047943,4.911041,0.002151489,0.1104279,0.9938812,0.02731323,0.04951477,0.9983978,
2879119.000,9.923746E-05,5.019714,-1,-0.003768921,-0.384491,0.923111,0,0,0,
2879202.000,0.000385848,4.950882,5.037048,-0.04840088,-0.3894196,0.9197693,-0.1113434,-0.4396362,0.8912354,
2879286.000,0.0004309642,5.049835,4.961807,-0.01921082,-0.3642426,0.9310913,-0.0620575,-0.4848785,0.8723602,
2879369.000,0,5.058609,4.968369,-0.02416992,-0.3619537,0.9318695,-0.08555603,-0.4295807,0.8989563,
2879452.000,6.141598E-05,5.176666,4.735825,0.06983948,-0.4333801,0.8984833,-0.01477051,-0.4557648,0.8899689,
2879536.000,6.141598E-05,-1,4.563126,0,0,0,-0.172821,-0.528244,0.8312988,
2879619.000,0.0004511763,5.073441,4.881592,-0.09950256,-0.6146851,0.7824554,0.001296997,-0.4654236,0.8850708,
2879702.000,0,5.113159,4.847092,-0.04203796,-0.6379547,0.7689209,0.01095581,-0.4450226,0.8954468,
2879786.000,0.05127531,5.068207,4.831085,-0.01306152,-0.5509491,0.8344269,0.02584839,-0.4493256,0.8929749,
2879894.000,0.05099837,4.884018,4.850403,0.03570557,0.04574585,0.9983063,0.06568909,0.06793213,0.9955139,
2880002.000,0.0510889,5.372421,4.934036,0.1089783,0.1872559,0.9762421,0.06594849,0.1262207,0.9897919,
2880102.000,0.05124848,5.219101,4.879547,0.09140015,0.1860809,0.9782715,0.08253479,0.1625061,0.9832458,
2880194.000,0.05115621,5.059204,4.42897,0.07225037,0.177124,0.9815216,0.06286621,0.03106689,0.9975281,
2880286.000,0.05115621,4.876724,4.417313,0.04164124,0.1975861,0.9793854,0.06399536,0.0297699,0.9974976,
2880385.000,0.05106476,4.783188,4.457718,0.04315186,0.1857605,0.9816437,0.07484436,0.07469177,0.9943848,
2880477.000,0.05106476,4.816467,4.418488,0.03599548,0.1890106,0.981308,0.0892334,0.08128357,0.9926758,
2880585.000,0.05110426,4.91655,4.527603,0.02937317,0.1877441,0.9817657,0.09765625,0.1366272,0.9857941,
2880685.000,0.05125026,4.978424,4.69838,-0.04145813,0.3665314,0.9294739,0.04406738,0.3934784,0.9182587,
2880794.000,0.051248,5.009949,4.665573,-0.02540588,0.3980865,0.9169769,0.01904297,0.3692169,0.9291382,
2880894.000,0.0512467,5.046036,4.677139,-0.01863098,0.4104919,0.9116669,0.04978943,0.4052429,0.9128418,
2880994.000,0.05123952,5.020645,4.711243,-0.0357666,0.408783,0.9119263,0.05284119,0.4118958,0.9096832,
2881094.000,0.05123921,5.057266,4.695328,-0.03909302,0.4058533,0.9130859,0.04051208,0.40271,0.9144135,
2881194.000,0.0510965,5.061935,4.739319,-0.04660034,0.4024658,0.9142303,0.04469299,0.3981171,0.9162292,
2881285.000,0.05111054,5.08699,4.764603,-0.04362488,0.4083405,0.9117737,0.04486084,0.397995,0.916275,
2881377.000,0.05124251,5.094788,4.771118,-0.05123901,0.4049988,0.9128723,0.03964233,0.4036255,0.9140472,
2881477.000,0.05113492,5.125381,4.756958,-0.05517578,0.4077759,0.9114075,0.03964233,0.4015198,0.914978,
2881577.000,0.05124471,5.128082,4.777481,-0.04821777,0.4029999,0.9139252,0.03744507,0.4020538,0.9148407,
2881660.000,0.05124471,5.113754,4.793533,-0.05223083,0.3987885,0.9155426,0.04039001,0.4009247,0.9152069,
2881744.000,0.05124689,5.203705,4.707321,0.1485291,0.3523102,0.9240112,0.2123413,0.3030396,0.9290009,
2881835.000,0.1101213,5.187042,4.793549,0.155365,0.3061371,0.939209,0.2119141,0.2547455,0.9434967,
2881935.000,0.1099521,5.199783,4.774643,0.1539154,0.3046265,0.9399414,0.2065735,0.2639923,0.9421387,
2882044.000,0.1099426,5.199234,4.720154,0.1598511,0.303833,0.939209,0.2039948,0.2620392,0.9432373,
2882143.000,0.110019,4.999329,4.5177,0.1538239,0.2932739,0.9435577,0.2046967,0.2693024,0.94104,
2882243.000,0.1101234,4.699066,4.398209,0.1198578,0.3044128,0.9449615,0.21138,0.256546,0.9431305,
2882343.000,0.1101243,4.654709,4.322784,0.1243744,0.3055725,0.9440002,0.213089,0.2526398,0.9437866,
2882435.000,0.1098479,4.635117,4.274521,0.1150208,0.3045044,0.9455261,0.2122955,0.2551422,0.9432983,
2882543.000,0.1098479,4.613907,4.292908,0.1068726,0.3085327,0.9451752,0.2124176,0.256424,0.9429321,
2882643.000,0.1100698,4.688858,4.340714,0.1104279,0.3093414,0.9445038,0.2113342,0.260788,0.9419708,
2882743.000,0.110128,4.729279,4.388657,0.1110229,0.3002777,0.9473572,0.2120209,0.2671509,0.940033,
2882843.000,0.1101298,4.743362,4.449661,0.1131287,0.2975311,0.9479675,0.2054596,0.2700195,0.9406738,
2882952.000,0.1098479,4.775009,4.456131,0.1145172,0.2953644,0.9484863,0.2024841,0.266449,0.9423218,
2883052.000,0.1101301,4.71257,4.439774,0.1096497,0.2971344,0.9485016,0.2023926,0.2651367,0.9427185,
2883143.000,0.1098565,4.75798,4.430344,0.1101379,0.2979431,0.9481964,0.1993103,0.2626953,0.9440613,
2883243.000,0.109988,4.734634,4.429626,0.1072998,0.3001709,0.9478149,0.1994934,0.2574921,0.9454498,
2883352.000,0.1100444,4.728729,4.433685,0.09997559,0.3064423,0.9466095,0.1983795,0.2612152,0.9446564,
2883443.000,0.1101227,4.736389,4.404495,0.1026154,0.2994385,0.9485779,0.197113,0.252243,0.9473724,
2883543.000,0.1101237,4.766022,4.436401,0.1038055,0.3040924,0.9469604,0.197464,0.2514496,0.9474945,
2883652.000,0.1099611,4.912872,4.480011,0.1300049,0.3037262,0.9438324,0.1888428,0.2349243,0.953476,
2883743.000,0.1099611,4.858261,4.449738,0.1157379,0.3023376,0.9461365,0.1934357,0.2390594,0.9515228,
2883835.000,0.1804644,4.797333,4.445877,0.120697,0.3079987,0.9436798,0.186615,0.2425385,0.9520111,
2883918.000,0.1805103,4.866455,4.447983,0.1065063,0.2989197,0.9483032,0.1919708,0.236496,0.9524689,
2884010.000,0.1805118,4.838898,4.44133,0.1150208,0.2962952,0.9481354,0.187973,0.2333221,0.9540405,
2884110.000,0.1805115,4.452728,4.095856,0.1179352,0.3004761,0.9464569,0.1855164,0.2415771,0.9524689,
2884218.000,0.1805096,4.237473,3.937119,0.1045532,0.2917633,0.9507446,0.1932983,0.2391663,0.9515381,
2884318.000,0.1805083,4.077225,3.694611,0.1076508,0.2988281,0.9482117,0.1968079,0.2449341,0.9493408,
2884426.000,0.180423,3.997513,3.668686,0.05636597,0.211319,0.9757843,0.1204681,0.1702881,0.9779968,
2884526.000,0.1804106,4.199448,3.753555,-0.03775024,0.050354,0.9980164,0.02998352,0.01625061,0.9994049,
2884618.000,0.1805087,4.22197,3.738556,-0.0479126,0.05749512,0.9971924,0.03359985,0.016922,0.9992828,
2884718.000,0.1805081,4.335709,3.920944,-0.03034973,0.06001282,0.9977264,0.03404236,0.0355835,0.9987793,
2884826.000,0.1805094,4.358459,4.009171,-0.04595947,0.05497742,0.9974213,0.03527832,0.03155518,0.9988708,
2884935.000,0.1804253,4.458862,4.107132,-0.05752563,0.04528809,0.9973145,0.02151489,0.02165222,0.999527,
2885035.000,0.1805059,4.592194,4.222778,-0.05880737,0.04873657,0.9970703,0.01921082,0.0269928,0.9994507,
2885135.000,0.1804152,4.570496,4.215485,-0.05342102,0.03849792,0.997818,0.01942444,0.02330017,0.999527,
2885226.000,0.1805031,4.53331,4.240433,-0.04945374,0.03967285,0.9979858,0.02075195,0.03010559,0.9993286,
2885326.000,0.1805031,4.517944,4.239563,-0.05815125,0.03019714,0.9978485,0.02230835,0.04302979,0.9988098,
2885434.000,0.1803458,4.468002,4.245987,-0.05342102,0.03233337,0.9980469,0.02644348,0.04118347,0.9987946,
2885543.000,0.1804124,4.569397,4.356476,0.014328,0.2880249,0.9575043,0.09568787,0.243576,0.9651337,
2885634.000,0.1804124,4.677567,4.375977,0.01716614,0.4087677,0.9124603,0.07980347,0.3899384,0.9173584,
2885726.000,0.1804962,4.811981,4.333069,0.02676392,0.4833679,0.875,0.1107941,0.4743195,0.8733368,
2885826.000,0.2394691,4.800949,4.323257,0.01956177,0.4826202,0.8755951,0.09410095,0.4678955,0.8787384,
2885918.000,0.2394669,4.739456,4.322205,0.01541138,0.4825592,0.8757172,0.0914917,0.4738007,0.8758545,
2886001.000,0.2394651,4.653168,4.338425,0.01239014,0.4880981,0.8726807,0.09465027,0.4759674,0.8743439,
2886093.000,0.2393479,4.528885,4.229279,0.01248169,0.4845886,0.874649,0.08203125,0.4732666,0.8770752,
2886209.000,0.2394661,4.288452,4.144379,0.01272583,0.4926453,0.8701324,0.08027649,0.4706268,0.8786621,
2886309.000,0.2392521,4.202606,3.92128,0.01643372,0.5069122,0.8618317,0.08172607,0.4763184,0.8754578,
2886418.000,0.2393746,4.137741,3.884628,0.01457214,0.5015564,0.8649902,0.08874512,0.4747314,0.8756256,
2886518.000,0.2394625,4.185776,3.920807,0.008682251,0.5052795,0.8628998,0.08599854,0.4751892,0.8756561,
2886626.000,0.2394619,4.266144,4.018829,0.006225586,0.5034332,0.8639984,0.08457947,0.4736481,0.8766327,
2886726.000,0.2393849,4.353943,4.06694,0.0003204346,0.5049896,0.8631134,0.08947754,0.4751587,0.8753357,
2886809.000,0.2393363,4.38913,4.187393,-0.00289917,0.4989319,0.8666229,0.08479309,0.4727478,0.8771057,
2886909.000,0.23945,4.365555,4.050934,-0.01083374,0.5005646,0.8656158,0.08625793,0.4634094,0.8819275,
2887001.000,0.2392521,4.274597,4.10881,-0.01199341,0.4759369,0.8793945,0.08572388,0.4664001,0.8804016,
2887109.000,0.2392521,4.354431,4.229507,0.02006531,0.5302887,0.8475647,0.08686829,0.489212,0.8678131,
2887217.000,0.2393731,-1,-1,0,0,0,0,0,0,
2887309.000,0.2392521,5.076279,4.471756,0.03697205,0.5605011,0.8273163,0.1092377,0.5487823,0.8287811,
2887409.000,0.2394181,4.900574,4.555191,0.06359863,0.5060577,0.8601379,0.1161346,0.4703674,0.8747864,
2887517.000,0.2394791,5.27951,4.688416,0.0708313,0.5830078,0.8093567,0.1341095,0.5740356,0.8077698,
2887609.000,0.2394849,5.060333,4.503891,-0.002593994,0.5658722,0.8244781,0.08204651,0.4891357,0.8683319,
2887717.000,0.2393607,4.2379,4.333267,-0.1580811,0.4715729,0.8675232,0.01748657,0.4592133,0.8881378,
2887809.000,0.29402,4.920044,4.577347,-0.03396606,0.5463562,0.836853,0.03424072,0.5409088,0.8403625,
2887901.000,0.29402,-1,-1,0,0,0,0,0,0,
2887992.000,0.29402,4.770889,4.551117,-0.007171631,0.4878845,0.8728638,0.1075897,0.4908447,0.864563,
2888084.000,0.29402,4.677002,4.582367,-0.002243042,0.4784546,0.8780975,0.08709717,0.5618286,0.8226471,
2888167.000,0.29402,4.561996,4.388199,-0.001251221,0.4704895,0.8824005,0.1077576,0.4967194,0.8611755,
2888259.000,0.29402,4.352661,4.389069,0.01063538,0.4409637,0.8974457,0.1009674,0.4600372,0.8821259,
2888375.000,0.29402,4.503891,4.432678,0.02650452,0.4667664,0.8839722,0.0967865,0.515976,0.8511047,
2888484.000,0.29402,4.14444,4.266998,-0.0193634,0.4561005,0.8897095,0.08735657,0.4666748,0.8800964,
2888592.000,0.29402,4.460815,4.520187,-0.0625,0.4452362,0.893219,-0.01986694,0.5063629,0.8620758,
2888709.000,0.29402,-1,-1,0,0,0,0,0,0,
2888800.000,0.29402,4.281998,4.656769,0.0249939,0.454071,0.8906097,0.1489716,0.4943848,0.856369,
2888892.000,0.29402,4.804764,4.629501,0.08729553,0.4587097,0.8842773,0.1802979,0.475235,0.8611755,
2888975.000,0.29402,-1,-1,0,0,0,0,0,0,
2889075.000,0.29402,5.121948,4.695557,0.09983826,0.4969482,0.8619995,0.2471771,0.4692078,0.8477783,
2889184.000,0.29402,4.982132,4.754898,0.07713318,0.4585266,0.8853149,0.128418,0.4415741,0.88797,
2889292.000,0.29402,4.964645,4.702789,0.1078491,0.4407959,0.8910828,0.1589508,0.4089966,0.8985748,
2889384.000,0.29402,4.942963,4.864563,0.09753418,0.39888,0.9117889,0.1556396,0.4037781,0.9015045,
2889492.000,0.29402,4.720352,4.703293,0.09648132,0.368515,0.9245911,0.1529999,0.3562012,0.9217834,
2889592.000,0.29402,4.893707,4.747116,0.1405182,0.33284,0.9324493,0.1833038,0.3294983,0.926178,
2889692.000,0.29402,4.619492,4.736923,0.1177063,0.3266602,0.9377747,0.1833038,0.3222961,0.9287109,
2889792.000,0.3528309,4.620377,4.612854,0.104538,0.3126678,0.9440765,0.1816559,0.2855988,0.9409637,
2889900.000,0.3528309,4.691788,4.630341,0.09501648,0.336792,0.9367523,0.1777191,0.3067627,0.9350281,
2890008.000,0.3528309,4.514755,4.609085,0.0880127,0.3579102,0.9295807,0.1712189,0.3474884,0.9219055,
2890117.000,0.3528309,4.357651,4.438492,0.07830811,0.3588562,0.9300842,0.169342,0.3654175,0.9152985,
2890208.000,0.3528309,4.305405,4.104019,0.09217834,0.3577881,0.9292297,0.1671753,0.3331604,0.9279175,
2890292.000,0.3528309,4.074524,4.013092,0.08728027,0.3426056,0.9354095,0.1527405,0.3076019,0.9391632,
2890392.000,0.3528309,3.852631,3.686752,-0.1026001,-0.02592468,0.9943695,-0.01499939,-0.02577209,0.9995422,
2890508.000,0.3528309,3.815369,3.643738,-0.09509277,-0.02886963,0.9950409,-0.01731873,-0.0002288818,0.9998474,
2890617.000,0.3528309,3.845581,3.675217,-0.09840393,-0.01742554,0.9949799,-0.01737976,0.005737305,0.9998322,
2890717.000,0.3528309,3.919266,3.813736,-0.1021576,-0.01509094,0.9946442,-0.03826904,-0.08016968,0.9960327,
2890825.000,0.3528309,4.03331,3.882294,-0.06413269,-0.2038574,0.9768829,0.01760864,-0.2064514,0.9782867,
2890925.000,0.3528309,4.324753,4.010696,-0.0377655,-0.1990509,0.979248,0.0532074,-0.2449188,0.9680786,
2891017.000,0.3528309,4.249527,4.016754,-0.03166199,-0.2166595,0.9757233,0.01618958,-0.2485046,0.9684906,
2891117.000,0.3528309,4.372421,4.006226,0.05441284,-0.178894,0.9823456,0.127121,-0.2266083,0.9656525,
2891225.000,0.3528309,4.218735,4.365326,0.3893585,-0.1764374,0.9040222,0.4487915,-0.1025543,0.8877258,
2891325.000,0.3528309,4.116608,4.476685,0.4348755,-0.189743,0.8802643,0.4760742,-0.06671143,0.8768616,
2891441.000,0.3528309,-1,-1,0,0,0,0,0,0,
2891541.000,0.3528309,-1,-1,0,0,0,0,0,0,
2891641.000,0.3528309,-1,-1,0,0,0,0,0,0,
2891750.000,0.4118961,-1,-1,0,0,0,0,0,0,
2891850.000,0.4118961,-1,-1,0,0,0,0,0,0,
2891950.000,0.4118961,-1,-1,0,0,0,0,0,0,
2892058.000,0.4118961,-1,-1,0,0,0,0,0,0,
2892166.000,0.4118961,-1,-1,0,0,0,0,0,0,
2892266.000,0.4118961,-1,-1,0,0,0,0,0,0,
2892358.000,0.4118961,-1,-1,0,0,0,0,0,0,
2892441.000,0.4118961,4.317078,4.303757,-0.0652771,0.5622101,0.8244019,0.01728821,0.5613403,0.8273926,
2892533.000,0.4118961,4.121445,4.131897,-0.09631348,-0.08657837,0.9915619,-0.07481384,-0.09313965,0.9928284,
2892641.000,0.4118961,4.003464,4.16423,-0.1194,-0.3186646,0.9403076,-0.1464233,-0.370224,0.9173126,
2892758.000,0.4118961,4.005386,4.082443,-0.1339111,-0.3359222,0.932312,-0.1981964,-0.3793488,0.9037628,
2892875.000,0.4118961,4.113663,3.93573,-0.009658813,0.03826904,0.9992065,0.05039978,-0.03094482,0.9982452,
2892974.000,0.4118961,3.999634,3.893494,0.04846191,0.3961334,0.9169006,0.1370544,0.3816833,0.9140625,
2893083.000,0.4118961,3.863571,3.89325,0.05380249,0.3890686,0.919632,0.1456909,0.3802185,0.9133453,
2893183.000,0.4118961,3.743439,3.743256,0.05688477,0.3869171,0.9203491,0.1351776,0.3718872,0.9183807,
2893283.000,0.4118961,3.660431,3.611252,0.05979919,0.3813171,0.9225006,0.1387177,0.3601227,0.9225159,
2893391.000,0.4118961,3.623337,3.601685,0.06152344,0.3731384,0.9257202,0.1359406,0.3525391,0.9258575,
2893491.000,0.4118961,3.657547,3.583832,0.05699158,0.3744049,0.9254913,0.1334229,0.3512726,0.926712,
2893591.000,0.4118961,3.604095,3.571198,0.05969238,0.3757324,0.9247894,0.1535645,0.3442078,0.926239,
2893691.000,0.4118961,3.56749,3.472153,0.07339478,0.3706207,0.9258728,0.1587677,0.3616943,0.9186707,
2893799.000,0.4706888,3.66748,3.515167,0.06945801,0.3753967,0.9242401,0.1492615,0.3456421,0.9264069,
2893908.000,0.4706888,3.778564,3.687088,0.06480408,0.3892517,0.9188385,0.154892,0.3462067,0.9252777,
2894016.000,0.4706888,3.857086,3.740952,0.05532837,0.3929901,0.9178619,0.1545563,0.3548126,0.9220581,
2894124.000,0.4706888,3.754868,3.741653,0.06227112,0.391449,0.9180756,0.1526031,0.3549042,0.922348,
2894233.000,0.4706888,3.509933,3.328018,0.06951904,0.3704529,0.926239,0.1518555,0.3630219,0.9193115,
2894333.000,0.4706888,3.433075,3.274734,0.070755,0.3722382,0.925415,0.1502838,0.3666077,0.9181519,
2894441.000,0.4706888,3.327835,3.173141,0.06912231,0.3708038,0.9261169,0.1496735,0.3723297,0.9159393,
2894532.000,0.4706888,3.330139,3.118546,0.07022095,0.3707123,0.9260712,0.150116,0.3740845,0.9151459,
2894616.000,0.4706888,3.367462,3.158295,0.07022095,0.3710022,0.9259644,0.1474609,0.3672333,0.9183502,
2894724.000,0.4706888,3.47168,3.314529,0.06427002,0.3721161,0.9259491,0.1464844,0.3482361,0.9258881,
2894824.000,0.4706888,3.592575,3.484543,0.06295776,0.3813477,0.9222717,0.1377716,0.3313599,0.9333801,
2894932.000,0.4706888,3.941208,3.569962,0.06719971,0.3935699,0.9168243,0.1426086,0.3611755,0.9215088,
2895024.000,0.4706888,-1,3.823547,0,0,0,0.1403503,0.3921509,0.9091187,
2895141.000,0.4706888,3.85585,3.631134,0.07507324,0.4539795,0.8878326,0.1540833,0.4174957,0.8955078,
2895249.000,0.4706888,3.965881,3.721909,0.09048462,0.4489746,0.8889465,0.1557617,0.4369812,0.8858643,
2895349.000,0.4706888,4.066559,3.723022,0.08041382,0.4584503,0.8850708,0.1551514,0.4053955,0.9008636,
2895449.000,0.4706888,4.030182,3.52713,0.09117126,0.4635162,0.8813782,0.1633148,0.4458923,0.8800507,
2895557.000,0.4706888,-1,-1,0,0,0,0,0,0,
2895674.000,0.4706888,-1,3.598495,0,0,0,0.1873932,0.4649048,0.8652954,
2895791.000,0.5293096,4.125885,3.646301,0.1249542,0.4953461,0.8596497,0.1880951,0.3942413,0.8995361,
2895891.000,0.5293096,3.379852,4.045273,0.1535645,0.3576508,0.9211273,0.2029266,0.5435028,0.8144836,
2895999.000,0.5293096,4.442001,3.881866,0.1686401,0.5824127,0.7951965,0.1972961,0.4854279,0.8517151,
2896107.000,0.5293096,4.146439,3.57019,0.1457214,0.5379333,0.8302765,0.1841736,0.4544525,0.871521,
2896207.000,0.5293096,3.956329,3.55101,0.1590729,0.5207825,0.8387299,0.1976318,0.4698181,0.8603363,
2896315.000,0.5293096,3.965332,3.387863,0.2093353,0.4779358,0.8530731,0.1719055,0.4158325,0.8930359,
2896407.000,0.5293096,4.595917,3.47197,0.1164703,0.5894928,0.7993164,0.1581726,0.5364532,0.8289642,
2896515.000,0.5293096,3.978012,3.532883,0.1384583,0.530014,0.8365936,0.1672668,0.4698181,0.8667603,
2896624.000,0.5293096,-1,-1,0,0,0,0,0,0,
2896715.000,0.5293096,3.864273,3.39003,0.1494446,0.3493652,0.9249878,0.1894989,0.255188,0.9481354,
2896799.000,0.5293096,3.954666,3.573822,0.1249847,0.3072815,0.9433594,0.1634827,0.2303009,0.9592743,
2896890.000,0.5293096,3.840179,3.540115,0.1195679,0.2725372,0.9546814,0.1698303,0.0945282,0.9809265,
2896999.000,0.5293096,3.775085,3.735382,0.1567841,0.1780701,0.9714355,0.1525726,0.1967773,0.9684906,
2897115.000,0.5293096,-1,2.888794,0,0,0,0.1038513,0.1474304,0.9835968,
2897215.000,0.5293096,3.647781,3.55542,0.1126556,0.2366333,0.9650269,0.1554565,0.1172333,0.9808502,
2897315.000,0.5293096,3.851303,3.472076,0.07470703,0.28125,0.9567108,0.1341095,0.1112823,0.9846954,
2897424.000,0.5293096,3.703705,3.582047,0.06719971,0.2545624,0.9647064,0.144043,0.1175232,0.9825592,
2897532.000,0.5293096,3.631714,3.512711,0.08372498,0.2635956,0.9609833,0.1202698,0.2657623,0.9564972,
2897632.000,0.5293096,3.606262,3.155579,0.05723572,0.2455292,0.9676971,0.1059113,0.1912384,0.9757996,
2897732.000,0.5880399,3.599167,3.408859,0.03871155,0.2626953,0.9640961,0.1154785,0.2311249,0.9660339,
2897823.000,0.5880399,3.561462,3.421509,0.0461731,0.2528381,0.9664001,0.1118164,0.2322998,0.9661865,
2897923.000,0.5880399,3.568115,3.43988,0.06710815,0.2560272,0.964325,0.1194,0.2190704,0.9683685,
2898023.000,0.5880399,3.544006,3.429398,0.07601929,0.2728882,0.9590302,0.1202545,0.2250824,0.9668732,
2898123.000,0.5880399,3.425919,3.303116,0.06661987,0.2523041,0.9653473,0.1227722,0.2204742,0.9676208,
2898232.000,0.5880399,3.275818,3.139236,0.08074951,0.2349396,0.9686432,0.1193848,0.2403412,0.9633026,
2898340.000,0.5880399,3.116837,2.988312,0.08256531,0.2120514,0.9737549,0.1295929,0.2364044,0.9629669,
2898448.000,0.5880399,3.149338,2.873764,0.07260132,0.2399445,0.9680634,0.1298981,0.2318115,0.964035,
2898548.000,0.5880399,3.097595,2.880341,0.0769043,0.2449646,0.9664612,0.1266785,0.3029938,0.944519,
2898657.000,0.5880399,3.006104,2.865005,0.003356934,0.2811584,0.9596405,0.05854797,0.2043304,0.9771423,
2898765.000,0.5880399,3.111526,2.788101,-0.06695557,0.4047089,0.9119873,-0.01713562,0.3603058,0.932663,
2898848.000,0.5880399,3.043045,2.863892,-0.06222534,0.4007111,0.9140778,-0.005004883,0.4219513,0.906601,
2898932.000,0.5880399,2.988708,2.861328,-0.06610107,0.3918152,0.9176636,-0.008148193,0.4127808,0.9107819,
2899023.000,0.5880399,3.094604,2.935181,-0.07525635,0.3977203,0.9144135,-0.009780884,0.3932343,0.9193726,
2899131.000,0.5880399,3.047501,2.894165,-0.07659912,0.4064331,0.9104462,-0.02107239,0.4154053,0.9093781,
2899240.000,0.5880399,3.16626,2.892441,-0.08641052,0.4042511,0.9105377,-0.02651978,0.3440094,0.9385834,
2899348.000,0.5880399,3.224991,3.025314,-0.09135437,0.3994293,0.9121857,-0.01538086,0.3946991,0.9186707,
2899448.000,0.5880399,3.20076,3.034302,-0.0897522,0.3984833,0.9127655,-0.02549744,0.3771057,0.9258118,
2899556.000,0.5880399,3.25386,3.119949,-0.08976746,0.3952942,0.9141541,-0.02610779,0.374054,0.9270325,
2899656.000,0.5880399,3.306,3.185379,-0.08804321,0.3939819,0.9148865,-0.02557373,0.3763123,0.9261322,
2899756.000,0.6469958,3.356476,3.295456,-0.08720398,0.3929901,0.91539,-0.04788208,0.4403076,0.8965607,
2899856.000,0.6469958,3.400665,3.288986,-0.08586121,0.3963165,0.9140778,-0.04420471,0.4274597,0.9029388,
2899973.000,0.6469958,3.286789,3.270538,-0.08026123,0.3944244,0.9154053,-0.04669189,0.4266052,0.9032288,
2900081.000,0.6469958,3.234268,3.186264,-0.08554077,0.3959808,0.9142609,-0.04972839,0.4446716,0.8943024,
2900181.000,0.6469958,3.123337,2.983978,-0.08451843,0.3916168,0.9162292,-0.01443481,0.3852081,0.922699,
2900290.000,0.6469958,3.081772,2.810165,-0.08106995,0.3929901,0.9159546,-0.01647949,0.3959198,0.9181213,
2900390.000,0.6469958,2.954254,2.693512,-0.07762146,0.3895111,0.9177246,-0.01789856,0.3876953,0.9216003,
2900498.000,0.6469958,2.976349,2.694519,-0.07984924,0.3861389,0.9189606,-0.01554871,0.3821716,0.9239502,
2900606.000,0.6469958,2.986938,2.77742,-0.08143616,0.3792114,0.9217072,-0.02206421,0.3737183,0.9272614,
2900714.000,0.6469958,3.073975,2.910629,-0.07783508,0.3816986,0.92099,-0.02474976,0.3504028,0.936264,
2900806.000,0.6469958,3.069855,2.960205,-0.076828,0.3878632,0.9185028,-0.03012085,0.3363037,0.9412537,
2900906.000,0.6469958,3.077209,2.967178,-0.07772827,0.3820343,0.9208679,-0.02993774,0.3304749,0.9433289,
2900989.000,0.6469958,3.118851,2.958405,-0.07937622,0.3867645,0.9187469,-0.02905273,0.322876,0.9459839,
2901073.000,0.6469958,3.120636,2.945938,-0.08280945,0.3892822,0.9173737,-0.03617859,0.3320007,0.9425812,
2901156.000,0.6469958,3.074829,2.89827,-0.08129883,0.3836212,0.9198914,-0.04310608,0.3062134,0.9509735,
2901264.000,0.6469958,2.988144,2.880646,-0.07569885,0.3796844,0.9219971,-0.0428009,0.3012238,0.9525757,
2901373.000,0.6469958,2.928665,2.863937,-0.07548523,0.3779755,0.9227295,-0.02435303,0.3161926,0.9483795,
2901481.000,0.6469958,2.916061,2.807114,-0.07687378,0.3755951,0.923584,-0.02178955,0.3323822,0.9428864,
2901581.000,0.6469958,2.87532,2.762695,-0.07701111,0.3706818,0.9255524,-0.0224762,0.3318329,0.9430542,
2901681.000,0.6469958,2.852051,2.758911,-0.07719421,0.3662109,0.9273071,-0.02033997,0.3430328,0.9390869,
2901789.000,0.6469958,2.82991,2.753586,-0.07858276,0.3673401,0.9267578,-0.02952576,0.3347168,0.9418488,
2901889.000,0.7056618,2.844391,2.756393,-0.07977295,0.3679657,0.9264069,-0.02693176,0.3335724,0.9423218,
2902006.000,0.7056618,2.857697,2.753662,-0.08128357,0.3705139,0.9252472,-0.0254364,0.3500519,0.9363708,
2902106.000,0.7056618,2.854675,2.78273,-0.07836914,0.3678894,0.9265442,-0.01675415,0.3490601,0.9369354,
2902206.000,0.7056618,2.814178,2.70076,-0.07649231,0.3636017,0.9284058,-0.02885437,0.3623962,0.9315643,
2902289.000,0.7056618,2.794495,2.600922,-0.08093262,0.3614807,0.9288483,-0.0196991,0.3741608,0.9271393,
2902397.000,0.7056618,3.124924,2.73056,0.3556213,0.4431915,0.8228455,0.3970032,0.384201,0.8335266,
2902506.000,0.7056618,2.74762,2.814087,0.421524,0.4703217,0.7752991,0.3995209,0.3764648,0.8358459,
2902614.000,0.7056618,3.274536,2.802673,0.3782349,0.4736023,0.7953644,0.3996887,0.3652344,0.8407288,
2902722.000,0.7056618,3.239548,2.804108,0.371109,0.4642334,0.8041992,0.4011536,0.3661804,0.8396149,
2902847.000,0.7056618,3.260544,2.792892,0.376236,0.4560394,0.8065033,0.4023285,0.361969,0.8408813,
2902956.000,0.7056618,3.160599,2.782333,0.3713684,0.4448395,0.8149719,0.4017334,0.3635406,0.8404999,
2903047.000,0.7056618,3.076706,2.783127,0.3665771,0.414566,0.832901,0.3993835,0.3721161,0.8378601,
2903147.000,0.7056618,3.055176,2.83551,0.3682861,0.4134064,0.8327179,0.3943481,0.3887634,0.8326569,
2903231.000,0.7056618,3.082809,2.871078,0.3621979,0.4155731,0.8343201,0.394104,0.3811035,0.8363037,
2903331.000,0.7056618,3.250214,2.914017,0.3557434,0.4226227,0.8335571,0.389389,0.4172821,0.8211212,
2903439.000,0.7056618,3.116104,2.885437,0.3496704,0.4032135,0.8456573,0.4176025,0.4192657,0.8061066,
2903547.000,0.7056618,3.12616,2.951752,0.3473816,0.3938446,0.8509827,0.3718872,0.3923187,0.8412933,
2903655.000,0.7056618,3.153748,2.914597,0.3477478,0.4160156,0.8402252,0.3788757,0.4051666,0.8320313,
2903755.000,0.7056618,3.172974,2.942795,0.3637848,0.3943024,0.8439026,0.3831482,0.3968964,0.8340607,
2903864.000,0.7650596,3.303223,2.904312,0.3565521,0.4126129,0.8382111,0.3822479,0.3904114,0.8375244,
2903972.000,0.7650596,3.291656,2.921371,0.350647,0.4080505,0.842926,0.3806458,0.3877563,0.8394775,
2904064.000,0.7650596,3.344727,2.968338,0.3454895,0.4105225,0.8438568,0.3819275,0.3876495,0.8389435,
2904172.000,0.7650596,3.286911,2.982681,0.3412476,0.4097595,0.8459473,0.3730011,0.3890686,0.8423004,
2904289.000,0.7650596,3.134521,2.92981,0.3460388,0.412262,0.8427734,0.3767395,0.3843231,0.8428192,
2904389.000,0.7650596,3.276459,2.869919,0.3535156,0.445343,0.8226013,0.3699951,0.3746185,0.8501434,
2904489.000,0.7650596,3.156906,2.83786,0.3514252,0.3991394,0.8468628,0.3683624,0.3717346,0.8521118,
2904597.000,0.7650596,3.174545,2.774979,-0.2134857,0.3582001,0.9088898,-0.1651001,0.3713837,0.913681,
2904705.000,0.7650596,3.180939,2.840851,-0.217392,0.3610687,0.9068298,-0.1572876,0.3659363,0.9172363,
2904805.000,0.7650596,3.248077,2.894318,-0.223938,0.3641663,0.9039917,-0.1570892,0.3664246,0.9170837,
2904922.000,0.7650596,3.307953,2.893311,-0.2236786,0.3658142,0.9033966,-0.1547699,0.3616333,0.9193726,
2905022.000,0.7650596,3.194595,3.042511,-0.2166443,0.355011,0.9094086,-0.173233,0.355484,0.9184723,
2905130.000,0.7650596,2.985306,2.961609,-0.2132721,0.3759155,0.9017639,-0.1433716,0.3568878,0.9230652,
2905238.000,0.7650596,3.043274,2.822266,-0.2042542,0.3652191,0.9082184,-0.162735,0.3466339,0.9237671,
2905330.000,0.7650596,3.087051,2.819656,-0.1987762,0.373764,0.9059601,-0.148407,0.3590088,0.9214478,
2905430.000,0.7650596,3.050278,2.821304,-0.1979828,0.3699799,0.9076843,-0.1500244,0.3499146,0.9246826,
2905530.000,0.7650596,3.028641,2.872269,-0.2087708,0.3607788,0.9089661,-0.1503601,0.3491821,0.9248962,
2905647.000,0.7650596,2.96492,2.987076,-0.09146118,0.3845062,0.9185638,-0.08171082,0.316452,0.9450684,
2905755.000,0.7650596,3.21431,2.927811,0.04742432,0.4420166,0.8957367,0.1102905,0.3991089,0.9102325,
2905863.000,0.7650596,3.183105,2.924408,0.04644775,0.4439697,0.8948212,0.1063538,0.3879547,0.9155121,
2905972.000,0.8237922,3.154587,2.858688,0.05006409,0.4484863,0.8923798,0.1083679,0.3864594,0.9159088,
2906080.000,0.8237922,3.138702,2.860153,0.04652405,0.455307,0.8891144,0.1079254,0.3888397,0.9149475,
2906172.000,0.8237922,2.987854,2.794403,0.05290222,0.4607239,0.8859558,0.1090546,0.3869934,0.9156036,
2906263.000,0.8237922,2.891693,2.711365,0.05755615,0.4687958,0.8814087,0.1061249,0.3965912,0.9118347,
2906388.000,0.8237922,2.700989,2.564468,0.05093384,0.4620209,0.8853912,0.1098175,0.434021,0.8941803,
2906497.000,0.8237922,2.701248,2.576401,0.05308533,0.4591827,0.886734,0.1070557,0.4420776,0.8905487,
2906597.000,0.8237922,2.735474,2.607727,0.05384827,0.4589996,0.886795,0.1096039,0.4380341,0.8922424,
2906713.000,0.8237922,2.848404,2.577194,0.06164551,0.4608154,0.8853455,0.1099243,0.4364471,0.8929749,
2906821.000,0.8237922,2.771332,2.592911,0.04397583,0.4616547,0.8859558,0.1100311,0.4015808,0.9091797,
2906930.000,0.8237922,2.707306,2.589645,0.02928162,0.4475708,0.8937531,0.1034393,0.3803101,0.9190521,
2907046.000,0.8237922,2.794571,2.569321,0.03977966,0.4073486,0.9123993,0.08564758,0.4130859,0.9066467,
2907146.000,0.8237922,2.782211,2.634262,0.02183533,0.411026,0.9113464,0.07562256,0.4090271,0.9093628,
2907255.000,0.8237922,2.773834,2.638901,0.01118469,0.4156799,0.9094391,0.07084656,0.399353,0.9140472,
2907346.000,0.8237922,2.78775,2.627579,0.009567261,0.4192505,0.9078064,0.06311035,0.4301453,0.9005432,
2907455.000,0.8237922,2.821686,2.64859,0.008666992,0.4189301,0.907959,0.06401062,0.4242554,0.9032745,
2907538.000,0.8237922,2.817612,2.672012,0.008239746,0.4242401,0.9055023,0.06137085,0.4210052,0.9049683,
2907646.000,0.8237922,2.808456,2.671921,0.009368896,0.429245,0.9031219,0.06407166,0.4230194,0.9038391,
2907746.000,0.8237922,2.808411,2.649323,0.01123047,0.4290771,0.903183,0.06170654,0.412735,0.9087524,
2907846.000,0.8237922,2.784821,2.624939,0.01077271,0.4324799,0.9015656,0.06558228,0.4255829,0.9025269,
2907955.000,0.88269,2.78183,2.583176,0.01228333,0.4321594,0.9017029,0.06896973,0.421402,0.9042358,
2908063.000,0.88269,2.778397,2.628967,0.009475708,0.4261475,0.9046021,0.06072998,0.4214935,0.9047852,
2908171.000,0.88269,2.777161,2.66069,0.01063538,0.4184723,0.9081573,0.05813599,0.4402466,0.8959808,
2908279.000,0.88269,2.775421,2.628555,0.007141113,0.4129639,0.9107056,0.05448914,0.4389648,0.8968353,
2908388.000,0.88269,2.695435,2.60553,0.007171631,0.4233093,0.9059448,0.05570984,0.4433441,0.8946075,
2908496.000,0.88269,2.703552,2.488632,0.003311157,0.4235382,0.9058685,0.05368042,0.4399872,0.8963776,
2908604.000,0.88269,2.710876,2.516876,0.002593994,0.4230499,0.9060974,0.05531311,0.4269714,0.9025574,
2908704.000,0.88269,2.699203,2.518311,0.003982544,0.4199371,0.9075317,0.05955505,0.4226837,0.9043121,
2908796.000,0.88269,2.714676,2.523331,0.003112793,0.4169159,0.9089203,0.05821228,0.4083405,0.910965,
2908904.000,0.88269,2.72554,2.558075,-0.001083374,0.4179688,0.9084473,0.05506897,0.4008026,0.914505,
2909004.000,0.88269,2.754593,2.58699,-0.001449585,0.4115601,0.911377,0.05407715,0.4151306,0.9081421,
2909121.000,0.88269,2.695679,2.601837,-0.002105713,0.4160767,0.909317,0.05152893,0.4141235,0.9087524,
2909221.000,0.88269,2.727295,2.561325,-0.005310059,0.4153748,0.9096222,0.05177307,0.40979,0.9106903,
2909321.000,0.88269,2.750351,2.564484,3.051758E-05,0.4142151,0.9101715,0.05108643,0.4183655,0.9068298,
2909429.000,0.88269,2.772751,2.619461,-0.003448486,0.4124603,0.9109497,0.05070496,0.4116669,0.9099121,
2909546.000,0.88269,2.832962,2.622162,-0.006240845,0.4093628,0.9123383,0.05805969,0.383316,0.9217834,
2909629.000,0.88269,2.85759,2.68605,-0.007751465,0.4043732,0.9145508,0.05741882,0.3834534,0.9217682,
2909713.000,0.88269,2.886505,2.745438,-0.006591797,0.4063721,0.9136658,0.05464172,0.3898773,0.9192352,
2909796.000,0.88269,2.872986,2.684113,-0.01164246,0.4095764,0.9121857,0.04588318,0.3946075,0.9176941,
2909904.000,0.88269,2.875961,2.634552,-0.01858521,0.408905,0.9123688,0.04394531,0.3979797,0.9163361,
2910021.000,0.9413775,2.836578,2.643372,-0.0138092,0.4074402,0.9131165,0.04963684,0.3890076,0.9198914,
2910129.000,0.9413775,2.84787,2.643982,-0.01312256,0.409729,0.9120941,0.04852295,0.3869171,0.9208221,
2910246.000,0.9413775,2.779022,2.598572,-0.006958008,0.4082794,0.9128265,0.04621887,0.3871002,0.9208679,
2910354.000,0.9413775,2.748734,2.599655,-0.01029968,0.4059296,0.9138336,0.03147888,0.3978119,0.9169159,
2910454.000,0.9413775,2.75322,2.501694,-0.01525879,0.4092407,0.9122925,0.02642822,0.3846893,0.9226532,
2910562.000,0.9413775,2.721558,2.408997,-0.01660156,0.4059448,0.9137268,0.03201294,0.3673401,0.9295197,
2910671.000,0.9413775,2.725296,2.493607,-0.01101685,0.4064636,0.9135895,0.03086853,0.3841705,0.9227295,
2910771.000,0.9413775,2.816162,2.603302,-0.01533508,0.4106598,0.9116516,0.0305481,0.3936462,0.9187469,
2910887.000,0.9413775,2.878082,2.658646,-0.02494812,0.4076843,0.9127655,0.02966309,0.4035645,0.9144592,
2910996.000,0.9413775,2.860962,2.665909,-0.02949524,0.4067688,0.9130402,0.02005005,0.4067383,0.9133148,
2911096.000,0.9413775,2.812927,2.518433,-0.02330017,0.4100647,0.9117432,0.02723694,0.3849487,0.9225311,
2911204.000,0.9413775,2.810547,2.51123,-0.02325439,0.4103851,0.9116058,0.02427673,0.37677,0.9259796,
2911304.000,0.9413775,2.846313,2.59053,-0.02958679,0.410553,0.9113464,0.01611328,0.39711,0.9176178,
2911412.000,0.9413775,2.850098,2.602386,-0.03431702,0.4054413,0.9134674,0.01713562,0.3949738,0.9185181,
2911529.000,0.9413775,2.916092,2.688492,-0.03837585,0.4067841,0.9127045,0.0148468,0.4029236,0.9151001,
2911637.000,0.9413775,2.932388,2.744949,-0.03857422,0.406189,0.9129639,0.01191711,0.4103851,0.9118195,
2911737.000,0.9413775,2.909439,2.678421,-0.03804016,0.4081421,0.9121094,0.008743286,0.4010468,0.9160004,
2911829.000,0.9413775,2.833954,2.600845,-0.03297424,0.4045258,0.9139252,0.01367188,0.4003601,0.9162445,
2911920.000,1,2.799606,2.613419,-0.03036499,0.4070129,0.9129028,0.008407593,0.4006653,0.9161835,
2912029.000,1,2.747101,2.489853,-0.02804565,0.4105225,0.9114075,0.01367188,0.3768921,0.9261475,
2912129.000,1,2.724365,2.456284,-0.02293396,0.4100494,0.9117584,0.0138092,0.3667297,0.9302063,
2912237.000,1,2.748077,2.45784,-0.02406311,0.4073029,0.9129639,0.01602173,0.3698883,0.9289246,
2912345.000,1,2.722809,2.455673,-0.0330658,0.4130859,0.91008,0.02145386,0.3788452,0.9252014,
2912454.000,1,2.660812,2.426498,-0.03309631,0.4051971,0.91362,0.02232361,0.3799286,0.9247437,
2912545.000,1,2.660446,2.395798,-0.01985168,0.4167633,0.908783,0.0141449,0.3748169,0.9269867,
2912654.000,1,2.667221,2.382339,-0.02882385,0.4158936,0.9089355,0.01115417,0.3777466,0.925827,
2912762.000,1,2.684921,2.421036,-0.03244019,0.4008179,0.9155731,0.01785278,0.373703,0.9273682,
2912870.000,1,2.724228,2.427856,-0.03492737,0.4081116,0.9122467,0.01403809,0.3753204,0.9267731,
2912970.000,1,2.734268,2.436081,-0.03556824,0.4081573,0.9122009,0.0165863,0.3768158,0.9261322,
2913078.000,1,2.796799,2.526031,-0.03500366,0.4077148,0.9124298,0.006469727,0.3821564,0.924057,
2913187.000,1,2.927094,2.626175,-0.03855896,0.404068,0.9139099,0,0.3731537,0.9277649,
2913295.000,1,2.96254,2.709625,-0.04547119,0.4007263,0.9150543,-0.006896973,0.3578339,0.9337463,
2913395.000,1,2.968933,2.80278,-0.04219055,0.4012909,0.9149628,-0.006958008,0.3347321,0.942276,
2913503.000,1,2.964844,2.875412,-0.04614258,0.4038849,0.9136353,-0.004730225,0.34552,0.938385,
2913603.000,1,2.995117,2.880707,-0.03675842,0.4075317,0.9124451,-0.004623413,0.3432312,0.9392242,
2913720.000,1,2.999161,2.863373,-0.0411377,0.4022675,0.9145813,-0.01080322,0.3383484,0.9409485,
2913820.000,1,2.914474,2.756317,-0.04512024,0.3995514,0.9155884,-0.01023865,0.3405762,0.940155,
